date,MACD_hist_change,high_low_range,ROC_1d,ROC_3d,dist_from_10d_low,BTC_Nasdaq_corr_5d,BTC_vs_Nasdaq,BTC_Nasdaq_beta_10d,Close_to_SMA10,BB_width,target_nextday,sent_q2_flag,sent_accel,sent_vol,sent_delta,sent_5d,sent_cross_up,sent_q5_flag,sent_q2_flag_x_Close_to_SMA10,sent_q2_flag_x_high_low_range,sent_cross_up_x_high_low_range,sent_neg_x_high_low_range
2024-01-01,90.92773129394232,0.0443871261255468,4.912016732719726,1.667654104876104,1.0662240583296243,-0.5580164287394132,0.0572942884446694,-1.5712868666549735,1.0217750477436176,0.084638462753164,1,0,0.0,0.0,0.0,0.5995067773619667,0,1,0.0,0.0,0.0,0.0
2024-01-02,107.64853169017964,0.0383192982334194,1.7900939051301412,5.466175240643234,1.085310470212814,-0.401979108887096,0.0261424270901916,-1.5628329442478388,1.033639462595924,0.0911759209234899,0,0,-0.29721158715741086,0.21016032872622184,-0.29721158715741086,0.45090098378326127,0,0,0.0,0.0,0.0,0.0
2024-01-03,-72.22257035260714,0.109449397687128,-4.692812036242189,1.7785844829485198,1.049852104631726,0.0026912229578166,-0.0351624986888636,0.1491572507359145,0.9869572601671652,0.0901886579421409,1,1,-0.005083603047144947,0.29975698092075814,-0.3022951902045558,0.3006006558555075,0,0,0.9869572601671652,0.109449397687128,0.0,0.0
2024-01-04,39.009711642439925,0.0474162824954067,3.108057856532498,0.028504877181823,1.082482115451704,0.5249619028783876,0.0366938582857558,-0.437116801107717,1.01690454119556,0.0930836252231324,0,0,0.4676522233057767,0.2539203440341304,0.16535703310122093,0.26678975016693585,1,0,0.0,0.0,0.0474162824954067,0.0
2024-01-05,21.06054842467688,0.0355179079060388,-0.0390006772731488,-1.768935220744372,1.0820599400953173,0.2327286427105035,-0.0013390228508177,-0.5137474601412683,1.0161225255679904,0.0930633449657095,1,0,-0.837327331925432,0.4098622949642171,-0.671970298824211,0.11210914698895066,0,0,0.0,0.0,0.0,0.0355179079060388
2024-01-08,189.41205676715435,0.0846045419627959,6.357883567763345,9.620778597542756,1.1508560512199872,0.757762623628197,0.0415671535615771,1.6758252460956864,1.0724419815747364,0.1144027524180659,0,0,1.3015742384207747,0.31188813759531525,0.6296039395965636,0.016805926291272043,1,0,0.0,0.0,0.0846045419627959,0.0
2024-01-09,52.782547572137446,0.0574122204028506,-1.7687130611972357,4.435971161956709,1.1305007099264806,0.7891054072906268,-0.0186262741130993,1.7934409258364734,1.0448392819914902,0.1193622648381889,1,0,-0.8125702961761918,0.2679739260120674,-0.18296635657962826,-0.055648248290850064,0,0,0.0,0.0,0.0,0.0
2024-01-10,48.40897305771114,0.0678580557073049,1.0577584004972662,5.581829048469489,1.1424586761534092,0.637408125260221,0.0030434195892043,1.6364703427598273,1.048330294445582,0.13276656553153,0,0,0.3354945280718514,0.2758594018633009,0.1525281714922231,-0.037137750533616384,1,0,0.0,0.0,0.0678580557073049,0.0
2024-01-11,-4.801240424397975,0.0709688789504073,-0.5558733892443213,-1.2814807564155315,1.1361080523895597,0.9753798612935176,-0.0055948094886266,1.638972853173519,1.0338083003593703,0.1410771167098058,0,0,0.03653393341745767,0.3009524023242255,0.18906210490968078,-0.013886238414690732,1,0,0.0,0.0,0.0709688789504073,0.0
2024-01-12,-245.93877342924088,0.1072118446610614,-7.581464687080208,-7.123063933427087,1.0499744215905702,0.846696514241315,-0.0759862770146915,1.5144232535129378,0.9538275303942014,0.1363365466436683,0,0,-0.4142252702625807,0.12353996098733717,-0.22516316535289993,0.09872670039849712,0,0,0.0,0.0,0.0,0.0
2024-01-15,-181.28814024879944,0.0379729458542189,-0.7962053563900229,-8.826945713940804,1.041614469005141,0.4557650773708639,-0.007013325450489,2.184715261528743,0.9497324070720274,0.1368616597316771,1,1,0.17085571349551432,0.12929345027759145,-0.05430745185738561,0.07455736092089514,0,0,0.9497324070720274,0.0379729458542189,0.0,0.0
2024-01-16,-67.7147352095526,0.0343014533567542,1.5124600939588229,-6.930641855957509,1.057368472181745,0.2541567870753967,0.0160742299927795,2.661528377405709,0.9679958354592852,0.1330127812956981,0,0,0.12725292878093744,0.10620712103580833,0.07294547692355183,0.1015703881439292,1,0,0.0,0.0,0.0343014533567542,0.0
2024-01-17,-59.429489872939484,0.023409451130992,-0.9553782672285682,-0.2578937106367251,1.0248704946627607,-0.261752428591487,-0.0036164555548956,2.2785185291608925,0.9589747996047544,0.1355602051140613,0,0,0.3976470021427505,0.22428123694755803,0.47059247906630236,0.1921962768817791,1,1,0.0,0.0,0.023409451130992,0.0
2024-01-18,-118.26732162140912,0.0544125973780202,-3.4639725632667706,-2.9401370790431813,1.015527160296801,-0.2967272506252608,-0.0481046817812212,2.031622984162053,0.931856595834945,0.146950554818717,1,0,-0.6647497537390639,0.23324917318140156,-0.19415727467276156,0.2061782897031405,1,1,0.0,0.0,0.0544125973780202,0.0
2024-01-19,-30.41689695180912,0.0441319908784349,0.863620644230223,-3.5605167643554703,1.0327799646941898,-0.1823495692852872,-0.0083221666145325,1.91463751533414,0.9453361828992892,0.1542582222193473,0,0,-0.11873715883120894,0.23622627357287856,-0.3128944335039705,0.2026140488942878,0,0,0.0,0.0,0.0,0.0
2024-01-22,-129.8532183915512,0.0557134023460418,-5.072368821187146,-7.569219453745656,1.0014511997449311,-0.0555562227714652,-0.0539449284978107,0.4273901607255695,0.9128600953928792,0.1777931554045274,1,0,0.3695770630147308,0.21954533580745428,0.05668262951076031,0.22124782435906426,0,0,0.0,0.0,0.0,0.0
2024-01-23,-27.40214169697049,0.0402920024889071,0.8560013431039293,-3.432954779223152,1.034361141011022,0.111614067908841,0.0042859801635655,0.4556899855768675,0.9342615076696428,0.1930739160876061,1,0,-0.4254521722905338,0.31299920979750123,-0.3687695427797735,0.15153859588317575,0,0,0.0,0.0,0.0,0.0402920024889071
2024-01-24,33.169375144980904,0.0243278308173966,0.5810521700930993,-3.703486438167003,1.0403713188674664,0.1275362131250107,0.0021816024500977,0.2464584600825932,0.9543483497224016,0.2056693371046959,0,0,0.5955318865987161,0.22673741398784938,0.2267623438189427,0.033063340357815246,0,0,0.0,0.0,0.0,0.0
2024-01-25,47.12937609637936,0.0177497822324148,-0.3574752593415997,1.079397177306518,1.0366522487972292,0.3522730743070782,-0.0054207819146643,0.2824114606960833,0.9657347661285056,0.2172000920321901,1,0,-0.3467647296686967,0.15034561304330882,-0.120002385849754,-0.07058093740294376,0,0,0.0,0.0,0.0,0.0
2024-01-26,184.2686476622922,0.0570031963213113,4.715459322091098,4.947403847728049,1.0855351639008053,-0.6616294413016284,0.0507095816763121,-1.045247978482824,1.013814333404361,0.2179404764801408,1,1,0.25146695437530675,0.1402199531612036,0.13146456852555274,-0.08535341475779809,0,0,1.013814333404361,0.0570031963213113,0.0,0.0
2024-01-29,235.4167853827771,0.034363488717663,3.5186157201989143,8.012490775830283,1.123730974826106,-0.1031990681043326,0.0240133547844418,-0.5302177165249221,1.047515121457094,0.2169463893499444,0,0,0.2691919890232384,0.24218527275175528,0.40065655754879115,-0.031331106505046266,1,1,0.0,0.0,0.034363488717663,0.0
2024-01-30,140.4031820537832,0.0262515883239049,-0.7753530092744043,7.559511320246237,1.115018092896643,0.3052063969221149,-0.000194063381486,-0.1460233008499283,1.039902343334954,0.2133630895599174,0,0,-0.3404128511746724,0.26790073218498556,0.060243706374118744,0.10849385157848399,1,1,0.0,0.0,0.0262515883239049,0.0
2024-01-31,71.56502665850363,0.0333108066518137,-0.861423582021903,1.8311613350584957,1.1054130641006206,0.550183816802574,0.0136870437682091,0.0377496183461496,1.0313440053339662,0.2135547415509618,1,0,-0.6097162653071186,0.2809684783592118,-0.5494725589329998,0.09307182911162579,0,0,0.0,0.0,0.0,0.0
2024-02-01,79.85747976282448,0.0316645866957917,1.1581441842771325,-0.4908322129518638,1.1182153412147413,0.5269778855529736,-0.0014513829751408,0.4909619551550456,1.0387255539531524,0.2121063067380616,1,0,1.138563681083421,0.2770183747647726,0.5890911221504211,0.2194685082448026,1,1,0.0,0.0,0.0316645866957917,0.0
2024-02-02,56.34417574174013,0.0194080274395373,0.2555634611174806,0.5430403493384972,1.1210730910434965,0.6311474631764867,-0.0148455382448873,0.4070816307280863,1.037458828980539,0.2106004326478785,0,1,-1.0543777868151665,0.26925937923334536,-0.46528666466474533,0.2265149407399198,0,0,1.037458828980539,0.0194080274395373,0.0,0.0
2024-02-05,-2.222325185877196,0.0288202527713859,-1.220750064673226,0.1786234054086177,1.107387590559549,0.7430264620294256,-0.0102066939756687,0.5277182425792847,1.017094233533896,0.1908314002167058,1,0,0.5418628007173538,0.26291709649647577,0.07657613605260849,0.16874528893580043,0,0,0.0,0.0,0.0,0.0
2024-02-06,21.81597633031528,0.018919232078984,0.9986338686479136,0.0206576383658285,1.0905083242932845,0.6213653701054144,0.0092605696793701,0.5284668515615687,1.0193787089654285,0.1753472568588413,1,0,-0.06879181019030511,0.2204058103830438,0.007784325862303376,0.100483761029318,1,0,0.0,0.0,0.018919232078984,0.0
2024-02-07,87.02457416752851,0.0353351757728748,2.8630850081180936,2.6220695793436333,1.1206847503232518,0.3800387257635151,0.0191722269510956,0.6347009147045338,1.038147088899576,0.1557135388248247,1,1,-0.07046248065307736,0.19104061704258035,-0.06267815479077399,0.12958111395128075,0,0,1.038147088899576,0.0353351757728748,0.0,0.0
2024-02-08,106.91784388817943,0.0274541244909008,2.2188248784866804,6.195454671571277,1.1374960435499344,0.2235325306851669,0.0198355699569496,0.6389121686820585,1.0480042700938077,0.1441210855194205,1,1,0.04474687754797439,0.04036717194166911,-0.0179312772427996,0.03727398699459932,0,0,1.0480042700938077,0.0274541244909008,0.0,0.0
2024-02-09,168.11872009424286,0.0613328452785379,4.074103742791047,9.429170902209648,1.1274289750131077,0.9175291801713104,0.0282708707729817,0.992803967901244,1.0774152758896478,0.1760313369125116,1,0,0.30983082391321654,0.11662471170801399,0.29189954667041695,0.09640410230495038,1,0,0.0,0.0,0.0613328452785379,0.0
2024-02-12,258.19867700837113,0.0507366897575747,5.962227839786682,12.7261421193402,1.1929127802786157,-0.1037811194051631,0.0626309316424732,0.6626841392500685,1.1245130237906251,0.23375118547805,0,0,-0.09640070173190901,0.20944080935744455,0.19549884493850794,0.1793187593924813,1,1,0.0,0.0,0.0507366897575747,0.0
2024-02-13,106.296276677327,0.0392400227264428,-0.4319233922406296,9.802917100427932,1.1877603109315644,0.5559595550473695,0.0136797812180783,0.6438010445002506,1.1028015650002811,0.2721539153636056,1,0,-0.552629155262063,0.20494120747036415,-0.357130310323555,0.18925048924284055,0,0,0.0,0.0,0.0,0.0
2024-02-14,150.39120127736803,0.0525701869677743,4.190091694992915,9.92528966999382,1.23752855707633,0.6329843066552648,0.0288991293257676,0.5760694229015106,1.12593464785728,0.3216476925841794,1,0,0.6586330274003558,0.20391262895183607,0.30150271707680076,0.27201839346671475,1,1,0.0,0.0,0.0525701869677743,0.0
2024-02-15,42.02266978389457,0.0278875203346502,0.21583350882306,3.963976150385018,1.2288839536948628,0.5285464758357244,-0.0008064852263427,0.7209934744994,1.1070492376627088,0.3543927968454285,1,0,-0.5796016573440284,0.16028348675369336,-0.2780989402672276,0.30275276508570337,0,0,0.0,0.0,0.0,0.0
2024-02-16,-23.44183036177492,0.017189380193772,0.4267512618200353,4.860561022737042,1.2341282314735595,0.52236255535499,0.0124731040265068,1.3219995447840311,1.0909062389274504,0.3798005487551752,0,0,0.3258935728110373,0.16627555429883736,0.04779463254380972,0.28466615387937055,0,0,0.0,0.0,0.0,0.0
2024-02-19,-103.99956508440368,0.0148998967293555,-0.7305542749456051,-0.091749591524759,1.2175014872657264,0.7922850241634689,-0.0027139692294954,1.354208375369551,1.0626661665882569,0.3828428347124182,1,0,0.023988301283679903,0.1212865480483379,0.07178293382748963,0.24183636045083406,1,0,0.0,0.0,0.0148998967293555,0.0
2024-02-20,-94.50128025136996,0.0411732509879769,0.9767068832988944,0.6667885053477374,1.222295855632248,0.8157917282263236,0.0143798221489291,1.3757607774336007,1.0531599279595392,0.3831446759606152,0,0,-0.2943646689876914,0.14236860212388508,-0.2225817351602018,0.2259162820549682,0,0,0.0,0.0,0.0,0.0
2024-02-21,-146.15073221175385,0.032736987814628,-0.8524364120598982,-0.6154566475339074,1.1693366759996278,-0.0912639934126733,-0.0053312953564749,1.4923808589516627,1.0285998843157156,0.3747626524689164,0,0,0.7972037829458714,0.21918041934722746,0.5746220477856696,0.2646200698008761,1,1,0.0,0.0,0.032736987814628,0.0
2024-02-22,-178.01658472116085,0.0211153082520555,-1.0305082651198116,-0.9157584183605572,1.133540397061442,-0.5433021778352088,-0.0398766018625507,0.2593004213255508,1.0060163718718311,0.355877491980142,0,0,-1.0763127572834492,0.2232325975114155,-0.5016907094977796,0.2586055037006736,0,0,0.0,0.0,0.0,0.0
2024-02-23,-192.23482517026696,0.0184529919393281,-1.1168964874795462,-2.970124306981703,1.0625435094656226,-0.3446206968894976,-0.0083762416735085,0.0978643595390658,0.9878365328011904,0.3424086146589521,1,0,0.507716785883531,0.22974499544152285,0.006026076385751367,0.24423722636885942,0,0,0.0,0.0,0.0,0.0
2024-02-26,86.7356541460531,0.0734953772943819,7.471530629852263,5.176051535585935,1.1263447417915806,-0.2706672538335833,0.076001206377298,0.1421731987549165,1.0522910922214648,0.3510501001723562,1,0,0.13985532275401058,0.2298276667472284,0.14588139913976195,0.24468864209949973,1,0,0.0,0.0,0.0734953772943819,0.0
2024-02-27,177.84729587165566,0.0534925247308119,4.700762695380023,11.266741093947008,1.1579926892170824,-0.2900107161758535,0.043311527763596,-0.0122505621418154,1.0863609229348328,0.3675993914072427,1,0,-0.20932400268502538,0.20658190021694758,-0.06344260354526343,0.2769678841531277,1,0,0.0,0.0,0.0534925247308119,0.0
2024-02-28,406.6581859892558,0.1147865169831361,9.493531994124748,23.205967886207056,1.2362063271145332,-0.5922755310672808,0.1003957460872496,-0.8041526270045057,1.1658047379031324,0.416286260876832,0,0,0.058958626398816716,0.063562803864423,-0.004483977146446716,0.19342592122033236,0,0,0.0,0.0,0.0,0.0
2024-02-29,97.3364912615284,0.0504411051507309,-2.090089846865484,12.244472330216905,1.2103685041852037,-0.6057216814493688,-0.0299416581863999,-1.016298931480019,1.1220593748474712,0.435013865635579,1,0,0.1292984431394591,0.07655823710986363,0.12481446599301238,0.23518499338569548,1,1,0.0,0.0,0.0504411051507309,0.0
2024-03-01,58.59269916628227,0.0376769759174996,2.029873900109447,9.381145495148257,1.234937458546804,-0.9001811160555392,0.0089252976279674,-1.1511864199498645,1.12365602905866,0.4491227779010197,1,0,-0.008681319611003768,0.09983671346489321,0.11613314638200861,0.29896547955031005,1,1,0.0,0.0,0.0376769759174996,0.0
2024-03-04,325.28466261054564,0.0900113339445637,9.432609800233994,9.32028583309803,1.3514242902884506,-0.9152488049410192,0.0984693183326275,-1.8598295517069208,1.194080448236176,0.4906736144604444,0,0,-0.40024258084416103,0.11631920801819853,-0.2841094344621524,0.27674779899454177,0,0,0.0,0.0,0.0,0.0
2024-03-05,-192.8145595257224,0.1543343223062213,-6.628402455760396,4.253080370153772,1.2618464494432282,0.1132742606185285,-0.0497534207974112,-0.2677693577798338,1.0929367632724851,0.48064204757257,1,0,-0.21803639259782026,0.30122170463261533,-0.5021458270599727,0.16678947373583158,0,0,0.0,0.0,0.0,0.1543343223062213
2024-03-06,-74.10835714002542,0.0724472743031488,3.613733749494208,5.871452145606804,1.3074462204535526,0.3182040511650107,0.0303686699060106,-0.3744771359028937,1.1054152029149034,0.4794921891755379,1,1,0.8648803487265869,0.30550788237706594,0.36273452166661424,0.1302748482397336,1,0,1.1054152029149034,0.0724472743031488,0.0724472743031488,0.0
2024-03-07,-93.3931135673156,0.0354781238742435,1.2384196927533564,-2.0560825026099683,1.3236378919198089,0.3756457946578082,-0.0027010564642635,0.3999670571260963,1.0906178554203645,0.4760279739890916,1,0,-0.044515320246845624,0.3073653942654481,0.3182192014197686,0.13244116982898685,1,1,0.0,0.0,0.0354781238742435,0.0
2024-03-08,-67.57386552091612,0.0564069732700769,2.0539401213709896,7.051426284049933,1.3410310389110764,0.3662048482937305,0.0321085732361023,0.2949971832781673,1.0820406932217164,0.478878984009756,1,0,-0.2341208393352905,0.30194803557236477,0.08409836208447813,0.12820053455873404,1,1,0.0,0.0,0.0564069732700769,0.0
2024-03-11,106.14051333052704,0.0784182169140346,5.598546488085887,9.102091064519048,1.323758214017754,0.4828935252700707,0.0600787423824399,0.24847245879002,1.1116215753510843,0.5062712482676502,0,0,-0.40056607285514473,0.3011245489925537,-0.3164677107706666,0.11748824402677838,0,0,0.0,0.0,0.0,0.0
2024-03-12,-78.13514543744714,0.0573129659695691,-0.8909905479502545,6.807279364573149,1.2598391315629696,-0.5905959430924004,-0.0242895154365538,-0.2888993420808053,1.077802900177119,0.5146448622379645,1,0,0.5316304198931903,0.1701727454002681,0.21516270912252367,0.25023766073132203,1,1,0.0,0.0,0.0573129659695691,0.0
2024-03-13,-48.65710915869113,0.0315171387864565,2.241441023956781,7.00351344686112,1.2319400357715695,-0.6233751942645925,0.0278166027808208,0.1467465910589867,1.084660129196432,0.529136558692611,0,0,-0.10841140581760556,0.13060359968932944,0.10675130330491811,0.33179043376352635,1,1,0.0,0.0,0.0315171387864565,0.0
2024-03-14,-239.8002474381092,0.0726511812757173,-2.30819028918976,-1.0084208382709403,1.2035045154972492,-0.4321225639022001,-0.0200382658987147,0.5700376879008809,1.0438252359336964,0.5264264941612142,0,0,-0.14693002465979327,0.13386392243683612,-0.04017872135487516,0.341663622240802,1,1,0.0,0.0,0.0726511812757173,0.0
2024-03-15,-368.2768172289325,0.0969174609224575,-2.7911980219644583,-2.906376832661084,1.169912321266437,-0.0901833828503717,-0.0182793386256137,0.8919415301491822,1.0044643782133738,0.5110244899410826,0,0,-0.23521248532259575,0.15261235823775998,-0.2753912066774709,0.27963889696568783,0,0,0.0,0.0,0.0,0.0
2024-03-18,-421.5942405655596,0.034092586124341,-2.6730242400589965,-7.573400630785332,1.1386402813315484,-0.0765710436042787,-0.0348864364481524,0.7924305611027972,0.9787222359224632,0.4839907649802096,0,0,0.48526307921265327,0.12165199702345035,0.20987187253518236,0.3228820883517434,1,1,0.0,0.0,0.034092586124341,0.0
2024-03-19,-674.1030365467195,0.1061291496920756,-8.343356981432349,-13.283295202721067,1.0061198753629566,-0.4585585166097673,-0.0873668787004177,-0.5997148302679998,0.8995251997157782,0.4534432458367869,1,0,-0.8788625665733384,0.3189464196326122,-0.668990694038156,0.1892945991056631,0,0,0.0,0.0,0.0,0.1061291496920756
2024-03-20,-52.78792285980035,0.107599434024123,9.692504638897836,-2.147003669536607,1.1168581736777767,0.4956695033805335,0.0843919389076586,0.413133799690776,0.9841282064347636,0.4166203928742359,0,1,1.0011389408933207,0.29358344190532526,0.33214824685516453,0.1007864985696321,0,0,0.9841282064347636,0.107599434024123,0.0,0.0
2024-03-21,-196.40281665602012,0.0552603049685204,-3.5667063539995048,-3.045515843917923,1.0770231222320488,0.5047042638900144,-0.0376481787537047,0.2919179331138145,0.9510035489778744,0.3660041744834095,0,0,-0.28065076144412154,0.24282150193982502,0.051497485411042966,0.030613639386784703,1,0,0.0,0.0,0.0552603049685204,0.0
2024-03-22,-228.6488439197856,0.0669247691742996,-2.615044343853401,3.013898712086749,1.0488584899921265,0.7885448555343915,-0.0277954094305827,0.9039959275799486,0.9322550560008928,0.2995474712828974,1,0,0.07772520592746637,0.24893353494642362,0.12922269133850933,0.04136355980713335,1,0,0.0,0.0,0.0669247691742996,0.0
2024-03-25,269.5245280014351,0.0678650429136429,9.689825601354007,3.0113827872011223,1.1504910484773585,0.1848732971394669,0.0995977565577913,0.7212918849389687,1.0258354275722867,0.2543289626670015,1,1,-0.31592856217175724,0.18935839570020793,-0.1867058708332479,-0.02720206844620406,0,0,1.0258354275722867,0.0678650429136429,0.0,0.0
2024-03-26,177.1885570592476,0.0314359314447834,0.0414864639104672,6.86570443777319,1.150968346530978,0.3446767838379649,0.0046121627428135,1.2767635586954873,1.028513365199177,0.2178030731265945,0,0,0.6923312932563324,0.21190181454220716,0.5056254224230845,0.13915552659270664,1,1,0.0,0.0,0.0314359314447834,0.0
2024-03-27,75.87890546104609,0.0481713520063026,-0.7608353371227561,8.900426847862697,1.1422113726314729,-0.5315741447642889,-0.0127456956203565,1.6891368594333989,1.0261593422304816,0.2083596831434658,1,1,-0.9652143909285464,0.2057085812031028,-0.459588968505462,0.147165678559492,0,0,1.0261593422304816,0.0481713520063026,0.0,0.0
2024-03-28,126.19948098738767,0.0374657909563778,1.8567460837021652,1.1237192240791671,1.1634193375604085,-0.4879497774185395,0.0197906412036339,1.3367130422578728,1.0462197724421731,0.1911881601615143,0,0,0.21190472145875294,0.2625279393480241,-0.24768424704670905,0.095339484034727,0,0,0.0,0.0,0.0,0.0374657909563778
2024-03-29,15.670674157387566,0.0262750492327427,-1.204502883045766,-0.1357490358536606,1.149405918097581,-0.4390109469134152,-0.0125752696695611,0.7268193580307711,1.032871007280893,0.1752426155218087,0,0,0.3075974199300011,0.2783212581717466,0.05991317288329204,0.029651385818918546,0,0,0.0,0.0,0.0,0.0
2024-04-01,-11.024644387850913,0.0463600980735551,-0.2728172440797149,0.3553429789194595,1.1462701405485385,-0.4444268833489376,-0.0032581322735542,1.79378345282069,1.0267854052482257,0.1759100648539732,0,0,0.2585573963998329,0.2828936108000746,0.31847056928312495,0.06499857562638464,1,0,0.0,0.0,0.0463600980735551,0.0
2024-04-02,-285.3487563821318,0.0782586092927689,-6.104798598949213,-7.488845825353707,1.076292657068158,0.7200434319627175,-0.0515107838554572,4.311844601607239,0.9591088690670196,0.1690787195631228,1,0,-0.3830901478668527,0.16329508409716428,-0.06461957858372777,-0.013703234767511724,1,0,0.0,0.0,0.0782586092927689,0.0
2024-04-03,-134.8404734846199,0.0356834325888302,0.8156830210526378,-5.597163156716944,1.058141605809694,0.8631364533943685,0.0058779669290343,0.9304560370446816,0.9696788274661764,0.1694260868708671,1,0,0.4449409407689162,0.27780321801876723,0.38032136218518847,0.075577020976722,1,1,0.0,0.0,0.0356834325888302,0.0
2024-04-04,96.00280756007896,0.0609769587229385,3.8314642609167615,-1.7120056042031484,1.0986839232661831,-0.0601146892944876,0.0523450799968536,-0.6574395085620561,1.0023865791910742,0.1678035328081603,0,0,-0.6257115935041296,0.22924267435609608,-0.24539023131894117,0.16531607986650934,0,0,0.0,0.0,0.0,0.0
2024-04-05,33.44621246550287,0.0400114335491749,-0.9797320875087778,3.652832013035368,1.0507705598495196,-0.0698640108744499,-0.0222241672833648,-0.6478658473911253,0.9867060801323742,0.1681189668979899,1,0,0.2846377844795246,0.14460821561551546,0.039247553160583426,0.2509220148117549,0,0,0.0,0.0,0.0,0.0
2024-04-08,279.3038955165821,0.0509709325546357,5.592350669993551,8.563924360585883,1.109533334293359,0.0074041315000058,0.055588680522262,-0.1832146432578872,1.0393576591753313,0.1664348442565684,0,0,0.104762141762132,0.15114014451921987,0.14400969492271543,0.30163577488491855,1,1,0.0,0.0,0.0509709325546357,0.0
2024-04-09,18.842110497830163,0.0510505668267532,-3.479403115822832,0.9198401848666382,1.070928196888863,-0.5647862837881672,-0.0380350682732822,-0.4571548219299577,1.0044312965173532,0.1620814937219967,1,1,-0.532428840175271,0.17580217503934756,-0.3884191452525556,0.28758962162431667,0,0,1.0044312965173532,0.0510505668267532,0.0,0.0
2024-04-10,107.32068211892329,0.0508567057753472,2.09558550176423,4.054153655937243,1.093370412917171,-0.5571918902002455,0.0293131438161384,-0.6430684852909306,1.023795542412808,0.1524888130289805,0,0,0.6962558813393116,0.14566765621989897,0.307836736086756,0.2590465431440283,1,1,0.0,0.0,0.0508567057753472,0.0
2024-04-11,31.99395800566981,0.0240423526147784,-0.7469744331340511,-2.1928245027110327,1.0852032154732276,-0.4613110315411356,-0.024280678737093,-0.5673902030311703,1.0171576428815698,0.148717210526502,0,0,-0.5646150554530323,0.16678776273142262,-0.25677831936627626,0.2282258470542729,0,0,0.0,0.0,0.0,0.0
2024-04-12,-165.18603819955388,0.0888135907725909,-4.088948430588779,-2.8104947979580075,1.040829815625436,0.1312860544169837,-0.0246441285936543,0.158347490093975,0.9794014535525314,0.1486734052962094,0,0,0.31582731955374277,0.16832193425083672,0.05904900018746653,0.20136544036989407,0,0,0.0,0.0,0.0,0.0
2024-04-15,-336.60601759422843,0.0716829534319838,-5.609952528004946,-10.145752485626014,1.0175534138287812,0.4079594355627586,-0.0381663752758111,0.7293482700787686,0.9329919300508448,0.1614684387504446,1,0,0.5557447214766096,0.2957594077249767,0.6147937216640761,0.26866183903378743,1,1,0.0,0.0,0.0716829534319838,0.0
2024-04-16,-159.19521740694972,0.0413601090657307,0.6080330797783695,-8.91905758384649,1.0339530636576746,0.5201246872242363,0.0073248701079877,0.4642939302180778,0.9409279742457796,0.1498737294481274,0,0,-1.4740309601960084,0.3272939070594112,-0.8592372385319322,0.24179461904180544,0,0,0.0,0.0,0.0,0.0
2024-04-17,-223.6636367111157,0.0769913850679738,-3.9728848910527192,-8.808839038766214,1.025232410054456,0.7843312700560554,-0.028264807511085,0.6292761680588016,0.9098571118778062,0.1750730074308241,1,0,1.2058496015379205,0.32305483826577397,0.3466123630059883,0.22268252443366993,0,0,0.0,0.0,0.0,0.0
2024-04-18,55.041260327879854,0.051835368941954,3.649124077498622,0.1364466952554988,1.0626444127800727,0.8587884428710986,0.0417114272894764,1.0275792316142014,0.9501071674083222,0.1817511003220008,1,0,-0.26844224569180775,0.3144200417462138,0.07817011731418055,0.27056011716162576,1,1,0.0,0.0,0.051835368941954,0.0
2024-04-19,108.02753623216267,0.0913201909403318,0.5208661031110617,0.0496883018604954,1.0702779875469164,0.5012195117391677,0.0256868352050682,0.944791656968466,0.960796573614828,0.1814933434483194,1,0,-0.34247982499984586,0.3251957520690994,-0.2643097076856653,0.25376596831495524,0,0,0.0,0.0,0.0,0.0
2024-04-22,308.06739858869093,0.0401836398653781,4.689758671616429,9.07520976350038,1.1204714422782998,0.61061769451394,0.0358192136955999,1.148939923504213,1.0131647048032093,0.1791086495141793,0,0,0.5851790671613104,0.19911660294186065,0.3208693594756451,0.17818694703059854,1,1,0.0,0.0,0.0401836398653781,0.0
2024-04-23,200.57930975792223,0.0200938079660184,-0.6439574982440521,4.557383128942183,1.1132560824100657,0.3125019838250916,-0.0223171986238933,1.0304281382672795,1.010826119817688,0.1764293205977887,0,0,-0.6032215852375057,0.1394466585863457,-0.2823522257618606,0.21798492830025618,0,0,0.0,0.0,0.0,0.0
2024-04-24,15.572754048189154,0.0542262644663718,-3.208044676017341,0.6787341667750635,1.07754232992787,0.0349474248494405,-0.033106803478766,1.0508771425999617,0.9878883568076464,0.1785825138776966,1,0,0.5640354514122009,0.15703539717795037,0.2816832256503403,0.2447970820987842,1,1,0.0,0.0,0.0542262644663718,0.0
2024-04-25,49.15597671008413,0.0386400164242317,0.3186348419551565,-3.5249168841069323,1.0809757552278354,0.1538123879706598,0.0096136278184473,1.3542118879697975,0.9996071044849192,0.1742999428471212,0,0,-0.7476235967129469,0.2068880413946371,-0.46594037106260655,0.16278713822195476,0,0,0.0,0.0,0.0,0.0
2024-04-26,9.421842287684283,0.023013888179185,-1.1265004482557628,-3.993467865377609,1.0687985584996578,0.1044695827909043,-0.031515163961446,0.7164181424647506,0.9936462356442886,0.1731892308973131,1,1,0.5701489455997943,0.21299008516623102,0.10420857453718782,0.15448085078969598,0,0,0.9936462356442886,0.023013888179185,0.0,0.0
2024-04-29,37.05388177126639,0.0372709913960603,0.1345782294394304,-0.6779688415951335,1.0702369286759608,-0.1120951963956136,-0.002118559278992,0.2011970496993861,0.9943404766736242,0.1704660280818351,0,0,-0.27989395093172786,0.20841125355603604,-0.17568537639454007,0.04686361618340015,0,0,0.0,0.0,0.0,0.0
2024-04-30,-156.41949718561915,0.0920770970367585,-5.0191249309274655,-5.962701267565162,1.0256560784637354,0.5213473132153369,-0.0298409936617313,0.6953847336497423,0.9491268599807228,0.1864041336054877,0,0,0.2790418475633487,0.21082460580138618,0.10335647116880864,0.01638812096323818,0,0,0.0,0.0,0.0,0.0
2024-05-01,-215.5931860750945,0.0725307477817883,-3.929695449375714,-8.628783553725484,1.030036423839916,0.5460459312735653,-0.0359542258951784,0.5715384833900351,0.916163702632931,0.2142721980872177,1,0,-0.10113073545508086,0.06363734949145998,0.002225735713727771,-0.0699788722442463,0,0,0.0,0.0,0.0,0.0
2024-05-02,-31.86629878438066,0.0450767756201786,1.4924669552331735,-7.389731601160521,1.0454093770925923,0.8039518181991677,-0.0001648685531465,0.8069087334466003,0.9363005245518934,0.2277582642972259,1,1,0.0749931305103625,0.07368427796159156,0.07721886622409026,-0.04771401799439142,1,0,0.9363005245518934,0.0450767756201786,0.0450767756201786,0.0
2024-05-03,271.87385794372926,0.0711115133245771,6.370405294167747,3.715529856113831,1.1120061913966248,0.920202489443254,0.0437955298493157,1.8098300031453975,0.9974531850780444,0.2264860974233589,1,1,-0.10004884254497787,0.07064024124156963,-0.022829976320887607,-0.05085687391615161,0,0,0.9974531850780444,0.0711115133245771,0.0,0.0
2024-05-06,226.41790015924107,0.0435177206609077,0.432682447320154,8.425063536732003,1.1168176469999112,0.906646471891838,-0.0076140012552976,1.6573441481232027,1.0076433771822224,0.2052271154406893,0,0,-0.26450432802860935,0.12353577350320882,-0.28733430434949697,-0.0763295154289032,0,0,0.0,0.0,0.0,0.0435177206609077
2024-05-07,116.80545408508556,0.0337608528239604,-1.309542885757653,5.431658172233544,1.102192440956738,0.9177519775535832,-0.0120745606411445,1.789137286239912,1.0009509581473977,0.1952997924949933,0,1,0.5447889832003663,0.12510461060323882,0.25745467885086937,-0.07098251540524263,0,0,1.0009509581473977,0.0337608528239604,0.0,0.0
2024-05-08,22.2069245943386,0.0344668734195163,-1.8398626419713129,-2.7061519653849064,1.081913613992943,0.8900077402364261,-0.0165740621461704,1.759023893615413,0.9874326400741326,0.1741323282872499,1,1,-0.22634710663308702,0.1292172794969515,0.031107572217782337,-0.059859148080771155,0,0,0.9874326400741326,0.0344668734195163,0.0,0.0
2024-05-09,154.3530433978974,0.0437246875772499,3.043115176709965,-0.1773033964834525,1.1148374913792538,0.8057373294375196,0.0277628918758068,1.9084720386429568,1.0198376966676377,0.1454166474190102,0,0,-0.49664081384738284,0.2105135467696154,-0.4655332416296005,-0.15728620232703783,0,0,0.0,0.0,0.0,0.0437246875772499
2024-05-10,-33.55934462462767,0.0532622636927919,-3.5799920573900024,-2.473800600374254,1.0749263977350705,0.4678712134644684,-0.0354702030412792,2.5745449991882587,0.9880623183017956,0.1366061060984126,1,0,0.8145627236614625,0.19488146357383618,0.34902948203186196,-0.1803413649027546,0,0,0.0,0.0,0.0,0.0
2024-05-13,129.3455790724313,0.0421742320001942,3.468622371168561,2.8004011462378964,1.1122115352405055,0.8883493774998669,0.0317873500992165,2.58305102128311,1.0238982118666602,0.1363910025365862,0,0,-0.12734350872536504,0.21835759227168208,0.22168597330649692,-0.10159247194727258,1,0,0.0,0.0,0.0421742320001942,0.0
2024-05-14,4.0438974105856005,0.0319783945614771,-2.144084393922019,-2.374580178541452,1.088364781286013,0.1923660509368439,-0.0289425312080662,2.9032430604648147,1.000453354328391,0.1369199916918811,1,1,-0.3270302213107546,0.2212739477094167,-0.10534424800425768,-0.095403364362816,0,0,1.000453354328391,0.0319783945614771,0.0,0.0
2024-05-15,312.24773610684804,0.0773236288201735,7.659609250545496,9.00553500425465,1.1638698171038762,0.6412698969857579,0.0625927964432697,3.228570959344752,1.0632357634555356,0.1435104132776495,0,0,0.3368534392211586,0.26589868350759055,0.23150919121690094,-0.049133932978535674,1,0,0.0,0.0,0.0773236288201735,0.0
2024-05-16,121.35582169166535,0.0321834138407722,-1.563225228621834,3.704418326510384,1.1084698823139576,0.7255274464038978,-0.0129999930415801,3.643972284790313,1.036457417601583,0.1467642807665454,1,0,-0.11882048177843291,0.18229242874350465,0.11268870943846804,0.11277988861935836,1,1,0.0,0.0,0.0321834138407722,0.0
2024-05-17,176.637549394335,0.0349005084682568,2.790508695432159,8.933934629536111,1.1136560748769515,0.5594844081401539,0.0286446589079003,3.1496803904797743,1.058380760945658,0.1567709652441338,1,0,-0.23409560299478474,0.13173434084170538,-0.1214068935563167,0.18060643509961666,0,0,0.0,0.0,0.0,0.0
2024-05-20,365.03543076278345,0.0755427145695269,6.5565956395701175,7.817865070767271,1.1866740005221414,0.5815267878374392,0.0590396092363114,5.001909365719519,1.11321429862359,0.1887904319674316,0,1,-0.10122207924723625,0.15340547402132876,-0.22262897280355295,0.159569992357865,0,0,1.11321429862359,0.0755427145695269,0.0,0.0
2024-05-21,97.4935455918469,0.0392853180559881,-1.8358253231772317,7.519286005358916,1.1648887387169955,0.8112575520650002,-0.0206059635106625,4.969098229449658,1.079653753664579,0.2068785218004801,0,0,0.7150005314809581,0.18087126084830518,0.4923715586774051,0.2580767109524459,1,1,0.0,0.0,0.0392853180559881,0.0
2024-05-22,-58.76578341951745,0.023812852642716,-1.446030042296964,3.087849426283751,1.1480440975958135,0.726513256756736,-0.0126138808096375,4.885663793031913,1.0512023658762808,0.2199931874738009,0,0,-0.8260588257883986,0.1863907572653577,-0.3336872671109935,0.24354413788144788,0,0,0.0,0.0,0.0,0.0
2024-05-23,-167.33025022105255,0.0542373625989421,-1.7255976976508711,-4.924732944072563,1.1282334750796836,0.7288820279440955,-0.0133569433593316,4.783059163689428,1.025453132150341,0.2265724378870949,1,0,0.49206195414687204,0.18311632327213956,0.1583746870358785,0.23814876032993199,0,0,0.0,0.0,0.0,0.0
2024-05-24,-114.3418108246135,0.037907088551226,0.8781729788116976,-2.2961353502922166,1.1276334072739491,0.5849864070034408,-0.0022579118346124,3.501957573877865,1.022521372995921,0.2341398875044597,1,0,-0.2501523680984974,0.18306395892100152,-0.09177768106261888,0.23867922527715563,0,0,0.0,0.0,0.0,0.0
2024-05-27,-59.44909642156733,0.0340860003086967,1.267331870919164,0.3938216877481304,1.135312165046278,0.7082756279587353,0.0097452106727109,3.542904566278169,1.0255438496453122,0.2435261151686578,0,0,0.016678510078539432,0.141776833350163,-0.07509917098407945,0.268715650588274,0,0,0.0,0.0,0.0,0.0
2024-05-28,-148.97369303398432,0.0334935728048633,-1.5827408107827234,0.5397594751180623,1.1135783794043344,0.7106035862365937,-0.0187469673594004,4.201801956109341,0.9993528550783428,0.240348009021191,0,0,0.12609434093659125,0.06705096249089094,0.0509951699525118,0.2104767981544137,1,0,0.0,0.0,0.0334935728048633,0.0
2024-05-29,-174.20363691507248,0.0259103009989831,-1.051485738366742,-1.383425863844534,1.0458891639907812,0.6582734695013936,-0.0046804580673348,2.6599889607125555,0.9869520711264396,0.2206497301601554,1,0,0.012566793306420243,0.06323714499683986,0.06356196325893204,0.23168779179453852,1,0,0.0,0.0,0.0259103009989831,0.0
2024-05-30,-85.63239140061091,0.0348491363966778,1.1644282841286824,-1.4836358625491042,1.049841981770842,0.0493009122532474,0.0224890647076738,1.3183153544114588,0.9938961278523796,0.203074189108848,0,1,-0.3283012230259677,0.10281228060962047,-0.26473925976703566,0.16827599607408047,0,0,0.9938961278523796,0.0348491363966778,0.0,0.0
2024-05-31,-132.19545738851104,0.0350583945805143,-1.2778150001159894,-1.178402995407413,1.0212637855640658,-0.3128067684109363,-0.0126550373157104,1.4108731027089805,0.9805693846543888,0.1988945724267267,1,0,0.464612587975959,0.09987634129056742,0.19987332820892334,0.16319440220793088,1,0,0.0,0.0,0.0350583945805143,0.0
2024-06-03,-15.182403007273706,0.0383837333252185,1.9459766931001927,1.8152147122380224,1.0368887962711142,-0.0326800129800852,0.0138636939506195,0.5623897736287307,1.00350506167742,0.196689728962364,1,1,-0.3684466890990734,0.11651326456510838,-0.16857336089015007,0.1394179703605672,0,0,1.00350506167742,0.0383837333252185,0.0,0.0
2024-06-04,87.38535850503331,0.0351827155502346,2.5622992224831664,3.222078094382863,1.063456989835984,0.3367984227945693,0.0239365333717698,0.7850580819929125,1.0285709470544693,0.1944592212805407,1,0,0.22831848325828713,0.11225112906011751,0.059745122368137046,0.11739152899632851,0,0,0.0,0.0,0.0,0.0
2024-06-05,66.98967406351176,0.0189174137870206,0.7298724608017615,5.3212787135771045,1.0712188695372682,0.0112177760142737,-0.0123280543385702,0.4761535905145668,1.0331260113488516,0.1842784877964711,0,0,0.1087921063105265,0.11056990086629963,0.16853722867866355,0.11636014071603618,1,0,0.0,0.0,0.0189174137870206,0.0
2024-06-06,-3.5728743534218665,0.0212926760839256,-0.4581363662391591,2.8375685192662425,1.06205833646626,0.2201530694801596,-0.0037213836960158,0.3340394201812381,1.0241838287162657,0.1787752891030135,0,0,-0.3485735968597943,0.09414470583790785,-0.18003636818113072,0.1322693307529248,0,0,0.0,0.0,0.0,0.0
2024-06-07,-117.7121346912768,0.0490404807381286,-1.999201273457618,-1.736174692012571,1.040657735806848,0.3285528020393054,-0.0176634735261452,0.4442777635235421,1.0025235192057749,0.1510978441895606,1,0,0.7421690660661884,0.2506701350952646,0.5621326978850577,0.2206303947250403,1,1,0.0,0.0,0.0490404807381286,0.0
2024-06-10,-82.3156956690841,0.0131436980785319,0.2447201964070888,-2.209449562630561,1.0432044354618402,0.3368313497481082,-0.0010196738794354,0.4156136359785882,1.0048058750521272,0.1331662189224644,0,1,-1.2038113459545587,0.25689389310499816,-0.6416786480695009,0.21437040126128565,0,0,1.0048058750521272,0.0131436980785319,0.0,0.0
2024-06-11,-205.9337525508049,0.0508793873643905,-3.136496113771259,-4.840686957824614,1.0182753156050914,0.3350236005023663,-0.04014909532572,0.0634047389708127,0.97464858566599,0.0952904626204538,1,0,1.2497703994158655,0.2959382571710829,0.6080917513463646,0.3177797335931765,1,1,0.0,0.0,0.0508793873643905,0.0
2024-06-12,-75.14267795156002,0.0450671744245365,1.3502581655740586,-1.5883434726427947,1.032024661202074,0.3563553527937316,-0.0017704541381389,0.1634876340316383,0.9868616232180772,0.0894221300631029,0,0,-1.1157872846039631,0.31189678541123456,-0.5076955332575986,0.28594251353781497,0,0,0.0,0.0,0.0,0.0
2024-06-13,-141.51259396332284,0.0308767219059877,-2.175796050588952,-3.964598432021682,1.0095699093825354,0.4831022121296635,-0.025115503569679,0.7226515454586612,0.9676404990258898,0.0802103716272043,0,0,0.6066259402626504,0.2962902747939756,0.09893040700505178,0.30989864851968985,0,0,0.0,0.0,0.0,0.0
2024-06-14,-127.68928035867384,0.0338996641189572,-1.116454309915749,-1.9618263038811867,1.0146671498174824,0.3969489468845691,-0.0123712921827919,0.6969437486922286,0.9588947726070648,0.0854702756215565,1,0,-0.054282128500441715,0.23118500498511296,0.04464827850461006,0.2303578996254752,1,0,0.0,0.0,0.0338996641189572,0.0
2024-06-17,-33.08295259565898,0.0314836234328364,0.7259433191864062,-2.565738799606909,1.0220330582035615,0.5832961560189113,-0.0022458980504957,0.7645741238595143,0.9691140458417756,0.0830627298692032,0,0,-0.2385972742922604,0.21951103228619515,-0.19394899578765035,0.24036308118763067,0,0,0.0,0.0,0.0,0.0
2024-06-18,-87.57944378972252,0.0382210251348177,-2.029695827328193,-2.420220954943575,1.0167604192903408,0.9199056532611174,-0.020588772788626,1.1916661691044732,0.9570139855603752,0.0918337677962136,0,0,0.5843574460595846,0.15159379428255687,0.39040845027193427,0.2068316025349001,1,1,0.0,0.0,0.0382210251348177,0.0
2024-06-19,-41.15815343834299,0.0154255880815661,-0.2770143567135341,-1.591848907972382,1.0139438469555258,0.370695421353636,0.0011666723094163,0.8746801886602646,0.9630252285274744,0.1014142119838293,0,0,-0.9297325799707323,0.20378714402040388,-0.5393241296987981,0.16697440459392965,0,0,0.0,0.0,0.0,0.0
2024-06-20,-5.317705764213201,0.029170946779419,-0.202647819256907,-2.4990723505473933,1.0118891118611808,0.3782093751424518,0.0019258974591985,0.7021284743957819,0.9695953661526602,0.1105537863460475,0,0,0.9148763106204569,0.2097054051368192,0.3755521809216589,0.1824415614362806,1,0,0.0,0.0,0.029170946779419,0.0
2024-06-21,-19.43337051627157,0.0254094995272913,-1.129835282140368,-1.6035230445421988,1.011317721661212,0.4425536460186826,-0.0094796407851713,0.573615087219776,0.966222134318682,0.1217571794233059,0,1,-0.6522145902272314,0.2199427472087235,-0.2766624093055725,0.13364658071659505,0,0,0.966222134318682,0.0254094995272913,0.0,0.0
2024-06-24,-222.69585095468776,0.0778206596609504,-5.957896416318076,-7.208838379404348,1.028594987280059,0.7323141490600289,-0.0486945076705328,1.5781962003342251,0.9214837410411922,0.1553770119258865,1,0,0.11470446661114692,0.25734288165194813,-0.1619579426944256,0.09124981061555444,0,0,0.0,0.0,0.0,0.0
2024-06-25,4.783262253158114,0.0326595494826566,2.533663041543988,-4.664627959182788,1.054656118319948,0.8666457979485873,0.0127154755895406,2.2766811525971704,0.9528828292780896,0.171628314662101,0,0,0.42094716858118775,0.17278590640890984,0.25898922588676215,0.022569195637479424,1,0,0.0,0.0,0.0326595494826566,0.0
2024-06-26,-11.72100542405292,0.0285958344357771,-1.6072632592061151,-5.124986996169756,1.037705018019222,0.8443513845323264,-0.0210117618612165,2.417802692786972,0.9484319539120064,0.1909211386485527,1,0,-0.2331513579003513,0.1619353838739751,0.025837867986410856,0.06692098019644618,1,0,0.0,0.0,0.0285958344357771,0.0
2024-06-27,94.63565719756036,0.0277337354935495,1.3048951973404943,2.20212950305676,1.051245980961916,0.90178626295195,0.0100431081180092,2.590857583910888,0.9685902270956298,0.2016356956388923,0,0,-0.11217076238244772,0.11212930561270633,-0.08633289439603686,0.018895749691873787,0,0,0.0,0.0,0.0,0.0
2024-06-28,25.54807778997133,0.03548890020726,-2.0853310881755127,-2.401929517327406,1.0293240217077215,0.8810822464774308,-0.0137934340974008,2.4765143691042115,0.9569544437603044,0.2173510787046774,1,1,0.04979663761332631,0.11212930561270633,-0.03653625678271055,0.018895749691873787,0,0,0.9569544437603044,0.03548890020726,0.0,0.0
2024-07-01,226.2445859961731,0.0203925927900914,4.197344183427543,3.3557971714102357,1.0725282936614933,0.7400629130616929,0.0337004770628022,3.156450676751064,1.0029099528608032,0.2181230080860379,0,0,0.286549479767148,0.09624851278068029,0.25001322298443746,0.10128998282764638,1,0,0.0,0.0,0.0203925927900914,0.0
2024-07-02,127.34337441674973,0.0233860438801699,-1.3093697885290578,0.6886067942274865,1.0584849322108634,0.48942429416856,-0.021453028387283,2.660431118487736,0.9947172161076752,0.2127265955049714,0,0,-0.09048834689227603,0.16772132206698626,0.15952487609216143,0.16379134600449885,1,1,0.0,0.0,0.0233860438801699,0.0
2024-07-03,-6.217568670683932,0.0460052514443159,-2.990687070088416,-0.2423980642347389,1.026828960204399,0.2492000799608436,-0.0387561214368773,2.26597890030754,0.972432323578613,0.2073501744467383,0,0,-0.788725048935573,0.24208373478819614,-0.6292001728434116,0.09528510101538684,0,0,0.0,0.0,0.0,0.0460052514443159
2024-07-04,-174.20631239636623,0.0635664636358575,-5.311634426354228,-9.346208822601366,1.0035207144517162,0.2363840649597461,-0.0576373543994792,2.387897861738609,0.9326127265713317,0.215652216517499,0,0,0.662458301987499,0.2740323720152889,0.033258129144087434,0.05069706073429968,0,0,0.0,0.0,0.0,0.0
2024-07-05,-85.13126183694612,0.0667070051996585,-0.5534237213954074,-8.651822974983736,1.0548239745519956,0.3879502074129931,-0.0100348998086817,2.5403616894901684,0.938875385635812,0.2257146383604452,1,0,-0.2105669709077726,0.3328223606057076,-0.17730884176368517,-0.0220454965429824,0,0,0.0,0.0,0.0,0.0667070051996585
2024-07-08,-0.4107801610293791,0.0671953063082332,0.0753986331317735,-5.7646636793191375,1.055619297410754,-0.2239521346603796,-0.0020238230772424,1.7177177927012814,0.9451779834347368,0.2269979622922282,1,0,0.1615130862531563,0.32310495442950726,-0.015795755510528864,-0.14794984951925777,0,0,0.0,0.0,0.0,0.0671953063082332
2024-07-09,134.7901263209178,0.0331381820860663,2.299844211812685,1.810398420654136,1.079896896721033,-0.6382694975576955,0.0216102010432348,0.4423216232716502,0.9730715595696906,0.2269193075397748,0,0,0.5915756765753031,0.23247911142330754,0.5757799210647742,-0.19060319350101054,1,0,0.0,0.0,0.0331381820860663,0.0
2024-07-10,113.48794071458178,0.0377714799115875,-0.4598069730556098,1.9062404174728045,1.0749314554880989,-0.1955095595607528,-0.0164357567683004,0.3941907248947564,0.9736091612667992,0.2182929204479109,0,1,-0.7575889931370814,0.24820895675944807,-0.18180907207230726,-0.14377831732854246,1,0,0.9736091612667992,0.0377714799115875,0.0377714799115875,0.0
2024-07-11,86.8486172254984,0.0379990923889964,-0.6885432015347748,1.1283225542236153,1.0675300880301763,0.1502371732836724,0.012636758833895,0.1698703975592582,0.9739006685798516,0.2143926250661899,1,0,0.08618889578307667,0.24815306466281928,-0.09562017628923059,-0.122729102242738,0,0,0.0,0.0,0.0,0.0
2024-07-12,127.17614366295628,0.0335474414399474,0.9670444019596935,-0.1892142427235121,1.0778535779857077,0.2795441247510329,0.003378452453643,0.0342923593117887,0.9873779077453672,0.2078414450217354,1,0,-0.18323596101254225,0.24725898748803593,-0.27885613730177283,-0.12198934626455107,0,0,0.0,0.0,0.0,0.0335474414399474
2024-07-15,555.773262927934,0.0642086152993489,12.039295214232816,12.343865839169176,1.207619552216578,0.2143833361270552,0.1163642922879713,-0.1705328915765996,1.102456975240357,0.199255621025087,1,0,0.8032349064014852,0.22420466813355727,0.5243787690997124,-0.013214685364315904,1,0,0.0,0.0,0.0642086152993489,0.0
2024-07-16,364.1662648630968,0.0440322066718792,0.3499237870556282,13.5186084097203,1.2118453002869185,0.2002260158262351,0.0015087443643484,-0.0243826474918159,1.1005760683959374,0.1990447806697097,0,0,-0.9812193494290113,0.21644776342781838,-0.456840580329299,-0.11096412474289537,0,0,0.0,0.0,0.0,0.0440322066718792
2024-07-17,146.48559853599386,0.0338535449124552,-1.502916014346345,10.741598634432536,1.1936322831998027,0.5449830708801994,0.0126552373661553,0.6405267606631265,1.076853300360868,0.1954733149666718,0,0,0.7056392207741737,0.20947448576023237,0.24879864044487476,-0.12259202161803842,0,0,0.0,0.0,0.0,0.0
2024-07-18,53.66274207752758,0.0290507731984414,-0.2257162928356093,-1.3813532188911792,1.190938060660075,0.4907814256175391,0.0047273221555172,0.9683231931495906,1.0619446538344235,0.1918653486888288,1,1,-0.20512146316468716,0.2165138191715007,0.04367717728018761,-0.10636044777929783,0,0,1.0619446538344235,0.0290507731984414,0.0,0.0
2024-07-19,174.4886848677079,0.0616592301116068,4.276873423013639,2.477847111918674,1.2280726103018509,0.6063771706146285,0.05084211950117,0.9846546991258714,1.0891960613372402,0.2054632964542916,1,1,-0.010729242116212845,0.16710461974407825,0.03294793516397476,-0.027768059447407723,1,0,1.0891960613372402,0.0616592301116068,0.0616592301116068,0.0
2024-07-22,119.88256936577612,0.0276504951154282,1.3117848903254623,5.406304253012784,1.200088783335368,0.3697265311752584,-0.0027129074502076,0.8039261346039445,1.0842234564035562,0.2267499820470744,0,0,0.23056261613965034,0.21000827194951244,0.2635105513036251,-0.0013493146747350694,1,0,0.0,0.0,0.0276504951154282,0.0
2024-07-23,-84.95643461059262,0.0348041212777923,-2.452573786440093,3.053745960658749,1.1650020690842913,0.2329204518715432,-0.0239581597321136,0.7542201748105954,1.044365486151682,0.2363503081209497,0,0,-0.48287860630080104,0.13275560970915892,-0.21936805499717593,0.07256393516436219,0,0,0.0,0.0,0.0,0.0
2024-07-24,-141.06810993600095,0.0300890944906403,-0.8426492953570563,-2.005726732951552,1.1551851873582577,0.1810629564542914,0.0279643905565122,0.9378366729409418,1.023198597471669,0.2422842349074488,1,1,0.142277623526752,0.1243665921159702,-0.07709043147042394,0.08129937062039971,0,0,1.023198597471669,0.0300890944906403,0.0,0.0
2024-07-25,-109.72160401599832,0.0401194966200426,0.619673448871394,-2.6751745943086718,1.1623435632496115,0.183350957670928,0.0154624277618654,0.8939365534096142,1.0161280488481903,0.2489232302218008,1,0,0.3788188062608242,0.1463211815865479,0.30172837479040027,0.14164504557847976,1,0,0.0,0.0,0.0401194966200426,0.0
2024-07-26,24.131601186853345,0.0362797984157821,3.245554805311724,3.0099510092855164,1.1187240121947468,0.4959791878938612,0.0222027823788411,0.99790162837427,1.0331271647336024,0.2611786742587357,0,0,-0.43461338547058403,0.1331077814407634,-0.13288501068018377,0.16882413136772811,1,0,0.0,0.0,0.0362797984157821,0.0
2024-07-29,-101.16449678539176,0.0517053240934793,-1.6081803398328542,2.2146764801945773,1.0693244699604674,0.3210251161518325,-0.0167914729412179,0.4703489997149301,1.0135064372677012,0.2686246641895329,0,0,0.20258579443075828,0.12121289524541948,0.06970078375057451,0.15724126364636634,1,0,0.0,0.0,0.0517053240934793,0.0
2024-07-30,-145.9512411918245,0.0251428237623809,-0.9262185475442442,0.6442793116206103,1.0467198541808798,0.5415407051555711,0.0035631882620403,0.5067225832475816,1.0024407500961097,0.2731186774691725,0,0,0.04214761489337043,0.13666996455878686,0.11184839864394494,0.21190168665322875,1,1,0.0,0.0,0.0251428237623809,0.0
2024-07-31,-229.24547883327352,0.0352551919513148,-2.3893373992326827,-4.848641579689916,1.021710185239742,-0.1521644314542783,-0.050251885699001,-0.0100944579992648,0.97774811015958,0.2710744534854226,1,1,-0.4358087811352951,0.12656184655424615,-0.3239603824913502,0.2171881194559059,0,0,0.97774811015958,0.0352551919513148,0.0,0.0
2024-08-01,-122.28063714718826,0.0511693498259572,1.1424614182306447,-2.1885901576169764,1.049937533450776,-0.2550451719269301,0.0344509668423591,-0.0775619696960338,0.9868527646454136,0.2568118954272602,0,0,0.4063565321266651,0.1237177332052096,0.08239614963531494,0.17860810722756598,0,0,0.0,0.0,0.0,0.0
2024-08-02,-348.1619311455749,0.070639476253314,-6.032105869640059,-7.2294196298442355,1.003761906868736,0.0142450591119265,-0.0360110332005839,0.3066793989820116,0.9347986795426412,0.2385068648366474,0,1,-0.17553173191845417,0.14403068792781146,-0.09313558228313923,0.147977980678635,0,0,0.9347986795426412,0.070639476253314,0.0,0.0
2024-08-05,-693.4803462154426,0.1694266157413647,-12.08760294403024,-16.44679096205852,1.0991469050945937,0.4232240495062376,-0.08653681994543,0.8933653301053338,0.8391672293368575,0.2575043093240588,1,0,-0.3798828567378223,0.2933950875395369,-0.4730184390209615,0.008804009575396777,0,0,0.0,0.0,0.0,0.1694266157413647
2024-08-06,-267.6884650502044,0.055084896706364,3.783671505322772,-14.26490241173546,1.1407350133442948,0.5735668105007653,0.0275423504299818,1.122633348330382,0.8845196778055642,0.2678197050605059,0,0,0.6048025776011248,0.24902287106310875,0.1317841385801633,-0.12638281354059777,0,0,0.0,0.0,0.0,0.055084896706364
2024-08-07,-179.04378379855825,0.0564513598679068,-1.7968550940289485,-10.400714095946917,1.120237658147646,0.8108771078118769,-0.0075181562006367,1.4780247984727493,0.8830457452264308,0.2825396515740288,1,1,0.21025506950293982,0.24753395153406085,0.3420392080831031,-0.12836971854170165,1,0,0.8830457452264308,0.0564513598679068,0.0564513598679068,0.0
2024-08-08,379.39833737050697,0.1281319323361266,12.144256099404904,14.296112962894236,1.2562821882750723,0.9923439125049348,0.0927802110866746,2.154830725744953,0.9967907439276212,0.2693020729564271,0,0,-0.7301426129105191,0.22462731129902624,-0.38810340482741595,-0.22445653443535168,0,0,0.0,0.0,0.0,0.1281319323361266
2024-08-09,231.99037472882932,0.0355453331082495,-1.3450358103773374,8.647909327326975,1.2393847429633806,0.972064050070628,-0.0185692746716702,2.071870510210772,0.9946817016244456,0.2592135833564902,0,0,0.7185099376365542,0.21041265733341769,0.3304065328091383,-0.23583492731054623,0,0,0.0,0.0,0.0,0.0
2024-08-12,84.42086158704149,0.0503994272760944,-2.50590475941157,7.863446020914266,1.2083269417020404,0.911416738608842,-0.0271676148997286,2.051217997109102,0.9817303286850384,0.2657383898399655,1,0,-0.8336031777784227,0.23544075531461078,-0.5031966449692845,-0.25324896137540537,0,0,0.0,0.0,0.0,0.0503994272760944
2024-08-13,166.13792605923686,0.0505884584406764,2.1144992390795814,-1.7834514247083266,1.2338770056899235,0.809327995310666,-0.0031091923592738,1.9804228322620363,1.0118468924236292,0.2675013940313899,0,1,1.0662720883886019,0.25823955048117025,0.5630754434193174,-0.18440473447243372,1,0,1.0118468924236292,0.0505884584406764,0.0505884584406764,0.0
2024-08-14,9.870461323310453,0.0547332696626217,-3.08911115194338,-3.5197762200287475,1.195761173505891,0.8867720999935693,-0.0311814505809125,2.4627975855099105,0.9903143846251192,0.2746214983718162,0,0,-0.49938594033786404,0.27234598903749535,0.06368950308145334,-0.17123044856979203,1,0,0.0,0.0,0.0547332696626217,0.0
2024-08-15,-43.45051892176491,0.0638820091908016,-2.0041310813293967,-3.0232206427006747,1.1717965521691904,0.6895997019664549,-0.0434176703956952,2.5217471177004374,0.983395367598066,0.2848112112387214,1,0,-0.00980876704367499,0.2736328439750454,0.05388073603777835,-0.06965933449411145,1,0,0.0,0.0,0.0638820091908016,0.0
2024-08-16,86.54393684351408,0.0464790121517758,2.317591294696397,-2.830346823472907,1.1989540070538165,0.2808482520957344,0.0210604391838562,2.658689071004225,1.010538822498541,0.2828927806017017,1,1,-0.19013054059663165,0.27531922533354664,-0.1362498045588533,-0.06141948789202919,0,0,1.010538822498541,0.0464790121517758,0.0,0.0
2024-08-19,117.28326522055691,0.0293805305783383,1.0176700222877422,1.2873999758325372,1.1022761699620138,0.1607899573504571,-0.0037214797818436,2.205694181640396,1.0112756831916645,0.273471356642735,0,0,0.03761292776713768,0.08885581942032873,-0.09863687679171562,0.027732312345566845,0,0,0.0,0.0,0.0,0.0
2024-08-20,61.89340334194344,0.0472007029725744,-0.8079210921579816,2.5237888253343943,1.0804145792881994,-0.0754728769290086,-0.0047324050000506,2.095753715949669,0.9980523897608043,0.2689733335646709,1,1,0.1706496118567884,0.09225455717143746,0.07201273506507277,0.018671570912313952,0,0,0.9980523897608043,0.0472007029725744,0.0,0.0
2024-08-21,192.87939439682555,0.049217765907838,3.664287570061453,3.873199056755139,1.1170138375248089,-0.4071361618950413,0.0309151365724389,2.234668459326619,1.0239772659555155,0.2622678663047287,0,0,0.1765059030149132,0.12980016419137202,0.24851863807998598,0.04657665647876759,1,0,0.0,0.0,0.049217765907838,0.0
2024-08-22,76.07789797146029,0.0263796783106489,-1.2967304646127389,1.4933759780816125,1.0751460211632615,0.6600589166182854,0.0037546546317555,0.4896875932841151,1.0129510716186394,0.2530169207829719,1,0,-0.4225848813851675,0.1201966610907896,-0.17406624330518147,0.02889234617662926,0,0,0.0,0.0,0.0,0.0
2024-08-23,286.08630317060795,0.0713793232694352,6.148267182135592,8.61095068435571,1.1412488711424789,0.7568507820729223,0.0468147380522518,0.8080479090736473,1.0694633268240383,0.2346562865528822,0,0,-0.011755039993052663,0.14229941608055605,-0.18582128329823414,0.001293740126614762,0,0,0.0,0.0,0.0,0.0
2024-08-26,87.35280568936537,0.0260835117415187,-1.8936071727747583,2.7878437497226294,1.119638100659314,0.9286941289132076,-0.0104328093434256,0.8565253349864476,1.0430748140272226,0.217830073253985,0,0,0.6647052900322402,0.19215859546888553,0.4788840067340061,0.08919931078174462,1,1,0.0,0.0,0.0260835117415187,0.0
2024-08-27,-181.0057045570497,0.0856082869243982,-5.369739018896724,-1.4537155100638688,1.0595164566977766,0.6238230936055604,-0.0553362911799106,0.9495484047902636,0.988877735286066,0.1992310660076097,0,1,-0.845207990380004,0.19197976173036888,-0.36632398364599794,0.08943753769466031,0,0,0.988877735286066,0.0856082869243982,0.0,0.0
2024-08-28,-155.4241198067666,0.0397402646218613,-0.800797843742207,-7.90511181787349,1.051031871758447,0.5537330939508742,0.0031884748144896,0.8487773423003999,0.9804857086729546,0.1870412600009027,1,0,0.22839245002251118,0.2025487938149511,-0.13793153362348676,0.012385730266881478,0,0,0.0,0.0,0.0,0.0
2024-08-29,-78.24646230516805,0.0403759718073106,0.6108236397788236,-5.554140907668037,1.0398907262674533,0.6045530541719722,0.0083638494812118,1.8177872161065776,0.9834883274231364,0.1657516387479043,0,0,0.4429130502976477,0.21082536198296903,0.30498151667416096,0.031143474834971124,1,0,0.0,0.0,0.0403759718073106,0.0
2024-08-30,-66.17396355826406,0.0360009186904749,-0.4524521990973862,-0.6464361916038164,1.0233854883146265,-0.0554168118187578,-0.0157819218517295,1.4986698820062176,0.9786732503249144,0.1631845870917335,0,0,-0.5618980769068003,0.20647321058245235,-0.2569165602326393,0.03568216401617974,0,0,0.0,0.0,0.0,0.0
2024-09-02,-38.53085863508204,0.0383513422338702,-0.0118338222135694,0.1437555191319273,1.0345920641823587,-0.2555777064143359,0.0161775512511498,1.3504725684624677,0.9791749704035454,0.1389646044723203,0,0,0.10870479233562946,0.15315731513843142,-0.14821176789700985,-0.08519830172881485,0,0,0.0,0.0,0.0,0.0383513422338702
2024-09-03,-126.05139355490836,0.0416132341364389,-2.844504270361159,-3.2955316365959275,1.0051630487358738,0.4109596498916758,-0.0118791980569321,1.4469982793727227,0.953821441280071,0.131714042557596,1,0,0.352578783640638,0.15058907716545106,0.20436701574362814,-0.0919405675958842,0,0,0.0,0.0,0.0,0.0
2024-09-04,-32.217709979274105,0.0489620647631913,0.941156177702851,-1.9417247356485312,1.041283355072469,0.4121765607882089,0.0124460556659836,1.235863216617945,0.9679485203997892,0.1129957557706906,0,0,-0.30628626347918597,0.15031951740273927,-0.1019192477355578,-0.09148037628536779,0,0,0.0,0.0,0.0,0.0
2024-09-05,-121.4327800811667,0.0460845157415428,-3.124034328806557,-4.993856058976542,1.0087533055998563,0.0824396535542271,-0.0337783093163613,1.1467256659549685,0.9443658371618668,0.121844310359619,0,0,0.19302519737920232,0.08300590176093973,0.09110594964364453,-0.13379529838095464,0,0,0.0,0.0,0.0,0.0
2024-09-06,-195.92490800389828,0.0811401531879103,-3.938239218868078,-6.063394525851729,1.0256670736644138,0.3243732533875305,-0.0138780282452148,0.2980177029462608,0.9229197586293106,0.1467076050774614,1,0,-0.09626905003651265,0.08708855245334847,-0.005163100392868117,-0.12575952850858724,0,0,0.0,0.0,0.0,0.0
2024-09-09,105.85106908648356,0.0603774021800779,5.692033694302334,-1.6421918783691924,1.0840483890887571,0.7648079337081449,0.045310996344442,1.109890616572602,0.9853324196930168,0.1505852534873451,1,1,0.11145051599790652,0.06822921924278189,0.1062874156050384,-0.06682392193581022,1,0,0.9853324196930168,0.0603774021800779,0.0603774021800779,0.0
2024-09-10,134.46839024851022,0.0279375284166561,1.1034389872275785,2.6499460773863337,1.096010201654375,0.7302207121087951,0.00266692761267,1.3551400082914862,0.999409350385649,0.1503581692361756,0,0,-0.2463957634754479,0.07042705275955832,-0.1401083478704095,-0.0767833880858407,0,0,0.0,0.0,0.0,0.0
2024-09-11,86.23474922872117,0.0422714752165076,-0.5300015516934153,6.291930254123535,1.090201330578889,0.5833859652389234,-0.0270109883912955,0.9575607080316412,0.9970239756799766,0.1524443977061733,1,0,0.43715647499387467,0.12095393254415994,0.2970481271234652,-0.006949379264066619,1,0,0.0,0.0,0.0422714752165076,0.0
2024-09-12,121.33728916442942,0.0207176969345483,1.3669279499548104,1.9422756770380407,1.1051035972773506,0.6337802517543804,0.0036580641089198,0.9969253568441948,1.012873593033348,0.1514384203177411,1,0,-0.1734698234746854,0.17814804790926994,0.12357830364877978,0.06937910035873453,1,0,0.0,0.0,0.0207176969345483,0.0
2024-09-13,243.00102067867783,0.0494939041688536,4.205082955798245,5.069653416740816,1.1515741202903738,-0.5500594944135845,0.035545259548569,1.195240582983209,1.0528023571742031,0.1533673001523197,0,1,-0.4352630671734611,0.16564384993391207,-0.31168476352468133,0.08440324735517303,0,0,1.0528023571742031,0.0494939041688536,0.0,0.0
2024-09-16,-1.7758498843799089,0.029285073612757,-3.927260828260704,1.4811457227225544,1.1063488009558222,0.3569556723985532,-0.0340786639928974,1.482138331736885,1.013075995004284,0.1537320651400219,1,0,0.5171843793553611,0.16992891458238346,0.20549961583067974,0.1192698343967398,1,0,0.0,0.0,0.029285073612757,0.0
2024-09-17,131.25207340232123,0.0611525264677356,3.63626062794542,3.753035429217344,1.1465785268127249,0.1814315395975625,0.0343202335966217,1.4429475229087578,1.044680771175803,0.1550328890715141,1,0,0.5070960792557646,0.35020851131730374,0.7125956950864444,0.3246772300296773,1,1,0.0,0.0,0.0611525264677356,0.0
2024-09-18,157.50713828374955,0.0396727527603993,2.223798894564699,1.7803462899773417,1.1720761274173026,0.5647580257585753,0.0253443865824934,1.388116907402123,1.0611513779531436,0.1567606329591256,1,0,-1.891186308550338,0.43991778066137543,-1.1785906134638935,0.23495687754514316,0,0,0.0,0.0,0.0,0.0396727527603993
2024-09-19,161.34136198681142,0.0359478517549789,2.0937291974474137,8.159038675645668,1.1966162275133496,0.3768887489118772,-0.0041393679533059,1.159768153265935,1.070871843258897,0.1663635777393981,1,0,1.2638133134227245,0.47145683194997334,0.08522269995883108,0.13756540432261924,0,0,0.0,0.0,0.0,0.0
2024-09-20,87.50878977828825,0.0277708991839357,0.4012038411551843,4.7828011502828005,1.1574137278863956,0.396439915737136,0.0076569938595665,0.5965028100536941,1.058519652459802,0.1604445239351492,1,1,0.05263921758159995,0.4744730385076937,0.13786191754043103,0.13008326731311776,0,0,1.058519652459802,0.0277708991839357,0.0,0.0
2024-09-23,27.54293322865385,0.0332462828364583,0.2165180787372378,2.7252714081670293,1.1396946652355016,0.2148844184160525,0.0007194065701645,0.441865800885808,1.0497159703804049,0.1630732838735006,1,0,0.049939971382264026,0.47292072706028887,0.18780188892269506,0.11906158492201938,1,0,0.0,0.0,0.0332462828364583,0.0
2024-09-24,40.04228995217329,0.0304469196365002,1.535087678718594,2.1631741855226982,1.1571899776165449,0.4565252212256599,0.0097734595894687,0.4410977905255736,1.054204232418941,0.1803805168351242,0,0,-0.18970033510122447,0.18612478139779484,-0.0018984461785294116,-0.03485892572207379,1,0,0.0,0.0,0.0304469196365002,0.0
2024-09-25,-92.08969257094384,0.029443083965036,-1.8021597802944436,-0.0788569141077166,1.1013959998381089,0.6654861751946244,-0.0184471364313268,1.1643930644481646,1.0254549258065324,0.1884808640801464,1,0,-0.2301131345060033,0.14470799320825184,-0.2320115806845327,0.0005363701897052236,0,0,0.0,0.0,0.0,0.0
2024-09-26,32.263490427898205,0.0478901276199497,3.2273891570151925,2.92314001806886,1.133556534654118,0.6440227958173013,0.0262968500803935,1.2703497027319246,1.0465611275514244,0.2055549996786886,1,0,0.39537798815096414,0.10738461834279509,0.16336640746643144,0.05156040760300431,1,0,0.0,0.0,0.0478901276199497,0.0
2024-09-27,15.632063897752689,0.0247406398490477,0.935309904070647,2.3151628813853358,1.1441588011909778,0.5320379011410085,0.0132397452895419,1.056800320174745,1.0475707319121772,0.2222626584374896,0,1,-0.23908236448963482,0.10014278074299991,-0.07571595702320337,0.05986887010357651,1,0,1.0475707319121772,0.0247406398490477,0.0247406398490477,0.0
2024-09-30,-193.35506490975047,0.0436042839435018,-3.740901688060083,0.2951317520428098,1.0989349401529989,0.1896439183263106,-0.0412490639636201,0.4915538877362991,1.0002009735966495,0.2256143310885609,0,0,0.3119058286305517,0.1253651396202911,0.23618987160734833,0.07785492914107936,1,0,0.0,0.0,0.0436042839435018,0.0
2024-10-01,-317.5383326888302,0.0644624590526659,-3.9357521968434894,-6.664534783269738,1.0273353873083235,0.4910066373665636,-0.024029139855753,1.1677228901388237,0.9600342563587374,0.2203055923908184,0,0,-0.4110340242008014,0.11900720877068731,-0.174844152593453,0.061251846895597505,0,0,0.0,0.0,0.0,0.0
2024-10-02,-233.3032536886202,0.0389350130489042,-0.335688199655404,-7.839834085502018,1.01059780448472,0.5251456345505952,-0.0041809729774197,1.3185144029728648,0.9583494012724544,0.2161547050188733,1,0,-0.010808195449441449,0.13070891549434366,-0.18565234804289446,0.05392061117844329,0,0,0.0,0.0,0.0,0.0
2024-10-03,-147.23817913059304,0.0261726467617826,0.2088262763679793,-4.058294564539433,1.014706333248396,0.314593919259384,0.0024586185656646,1.917303413130824,0.9636727851596192,0.203693693212044,1,1,0.28751312289978304,0.13318952472383294,0.10186077485688859,0.0342882489393805,0,0,0.9636727851596192,0.0261726467617826,0.0,0.0
2024-10-04,-9.91778493108336,0.0323204823580989,2.1528753876634443,2.022566188317998,1.0365516961539631,0.6941900394992134,0.0092861342522985,2.058557476898484,0.9861798852328356,0.1721730400355319,1,0,-0.04059096145340138,0.13211930115132486,0.06126981340348721,0.042053040785655825,1,0,0.0,0.0,0.0323204823580989,0.0
2024-10-07,4.273326635363787,0.0368136118526905,0.2725801065549094,2.6452273235788804,1.0393771298718362,0.8010843774515091,0.0145215333798921,1.4786683129612932,0.9905885419935646,0.1586635961248914,0,0,0.10306824785657227,0.11999786233972495,0.16433806126005948,0.035447470562473396,1,0,0.0,0.0,0.0368136118526905,0.0
2024-10-08,-4.260995682530165,0.0214179948627493,-0.1682150134457161,2.2590189391340942,1.0376287414930705,0.3256529053098052,-0.0161332196899138,1.0466317450356808,0.9923496761827196,0.1463958532303024,0,0,-0.4938772345272203,0.13648741704764983,-0.32953917326716087,-0.0020971037954506137,0,0,0.0,0.0,0.0,0.0
2024-10-09,-101.33176423220812,0.0362189920728701,-2.4944762232405493,-2.393161575538316,1.0117453392510158,0.0829936876472856,-0.0309228570167987,0.8735167886562265,0.9715698652642332,0.1310306847617627,0,1,0.4378256533760577,0.12088962929322099,0.10828648010889688,0.019146087476983646,0,0,0.9715698652642332,0.0362189920728701,0.0,0.0
2024-10-10,-77.06966417304432,0.0388475329534048,-0.5077433013489285,-3.15274012346396,1.0234194434195325,0.128525178286473,-0.0045543322807745,0.6550003205643492,0.9743032889783948,0.1202673017449011,1,0,-0.19441328403939093,0.13222411826725422,-0.08612680393049404,0.002791762991941382,0,0,0.0,0.0,0.0,0.0
2024-10-11,101.01922131117492,0.0537231366332283,3.6011743668549645,0.5039613262697307,1.0602745620813665,-0.1169665037886538,0.0326812271633965,0.8970737048513836,1.0148780406945834,0.1179892245616603,1,1,0.21797500839013428,0.1314667016837654,0.13184820445964024,0.0005531167181297245,1,0,1.0148780406945834,0.0537231366332283,0.0537231366332283,0.0
2024-10-14,299.093090908091,0.0611745177139461,5.76672267629128,9.019204181721886,1.1214176556838606,0.0730818197153188,0.0489581536937768,1.4562000292427244,1.0686848411983163,0.1136866242324776,1,0,-0.0754113484927941,0.08837062333955163,0.056436855966846146,-0.0232657706143246,1,0,0.0,0.0,0.0611745177139461,0.0
2024-10-15,241.02835746080268,0.0458298557951033,1.5064992457922477,11.226321869115472,1.138311804208919,0.2168335377843787,0.0251770148127806,0.4456003169596363,1.0740028849132095,0.1245089579484164,1,0,0.29071731166914105,0.205905738843008,0.3471541676359872,0.08825401023385068,1,1,0.0,0.0,0.0458298557951033,0.0
2024-10-16,164.20867597856454,0.0239091480107061,0.8526251733136592,8.275476773562884,1.1480173372024052,0.5855246540716551,0.0057149726635428,0.413458293585662,1.071182252628068,0.1390908133945462,0,0,-0.6829050063000371,0.19792089761148704,-0.3357508386640499,0.11096632732743661,0,0,0.0,0.0,0.0,0.0
2024-10-17,56.2408509943441,0.0187659256867163,-0.3148561638042446,2.049644755842972,1.1444027338546825,0.5630575049173665,-0.0035040507439443,0.4230145492845077,1.056692760406006,0.1506421305400696,1,1,0.25650518139203393,0.17135962674490027,-0.079245657272016,0.13505487375271816,0,0,1.056692760406006,0.0187659256867163,0.0,0.0
2024-10-18,62.95899104851605,0.0261906080486617,1.511803568698422,2.054977461357077,1.1617038552253796,0.4721267518338043,0.0088078217337173,0.3250584411428995,1.0620920234492068,0.1655574604098572,0,0,0.13033105751189092,0.1662218432441649,0.051085400239874915,0.14299085933404662,1,0,0.0,0.0,0.0261906080486617,0.0
2024-10-21,-69.64407590981546,0.0390821846241803,-1.5360363935116972,-0.362161427652985,1.1438596612242893,-0.256450733221849,-0.0180894180355644,0.2561463871031954,1.03751374116133,0.1727788808150649,0,1,-0.12943743262439966,0.17900958741471126,-0.07835203238452475,0.12396906724510093,0,0,1.03751374116133,0.0390821846241803,0.0,0.0
2024-10-22,-83.70833617293715,0.0181143922823018,-0.0095673416184549,-0.057017479294219,1.143750224262864,0.6123206305951355,-0.0022402119643096,0.914150840989314,1.029126191922583,0.179071657451289,0,0,0.7306780604024727,0.2712468663876881,0.652326028017948,0.1659816472325474,1,1,0.0,0.0,0.0181143922823018,0.0
2024-10-23,-148.0925066049724,0.0333378570560843,-1.379441121005398,-2.903579231993225,1.1279728633477908,0.5985301146931151,0.0025200613734284,1.5111100183175885,1.0059393311352205,0.1811255628948337,1,1,-1.2700762643168368,0.2774840080138264,-0.6177502362988889,0.15159434769302607,0,0,1.0059393311352205,0.0333378570560843,0.0,0.0
2024-10-24,-11.782980444175564,0.0344017472404226,2.602442034118191,1.1774208418448897,1.1351449354558685,0.6728231272509783,0.0184278509051754,1.5397779114779118,1.0199381216859278,0.1885812730647574,0,0,0.6772073909329871,0.27112322280410506,0.05945715463409822,0.16494761053472756,0,0,0.0,0.0,0.0,0.0
2024-10-25,-133.6809490029966,0.0480229194315885,-2.2280180844656217,-1.0673651687608587,1.067266446800667,0.360731249752891,-0.0278797678940694,1.1265917696119987,0.99098957911235,0.1901462028809282,1,1,-0.18763343015064798,0.28512856927860514,-0.12817627551654975,0.14244853822514417,0,0,0.99098957911235,0.0480229194315885,0.0,0.0
2024-10-28,101.82697572127428,0.0382952178166027,4.899798117963772,5.231744162075036,1.078670356504436,0.3672143764752415,0.046374669831509,0.6277124709615544,1.0336107176789606,0.2031053932506849,1,0,0.5784815760018924,0.29130368799244366,0.45030530048534273,0.22568093248953422,1,1,0.0,0.0,0.0382952178166027,0.0
2024-10-29,214.58501191787468,0.0529052645171908,4.023493905417541,6.689212074114437,1.1155496865827503,0.4791899072537424,0.0323952739695656,1.4559124728731756,1.0662445487147878,0.2208620930409727,0,0,-0.03560899038178228,0.3587488541449506,0.41469631010356045,0.26138738317104676,1,1,0.0,0.0,0.0529052645171908,0.0
2024-10-30,69.07654853713689,0.0206465581527909,-0.5238593875544262,8.548797459013112,1.1097057748267527,0.3400988069294937,0.0003629511939938,1.4916670752179937,1.0533585488224444,0.2278580366850849,0,0,-1.136793680799504,0.3480403769572289,-0.7220973706959436,0.2762244069731484,0,0,0.0,0.0,0.0,0.0
2024-10-31,-138.28393883117906,0.0437485479904187,-2.93663961649604,0.4397647659141857,1.077117715416646,0.6100047211857584,-0.0018093650773234,1.3645142866151432,1.0182508635178231,0.2210086603230412,0,0,0.2169618326394508,0.46432785226736684,-0.5051355380564928,0.17814289223713178,0,0,0.0,0.0,0.0,0.0437485479904187
2024-11-01,-173.1563497283455,0.0400001978916444,-1.043533138752928,-4.452697362321468,1.065877635112895,0.6585684444150819,-0.0184357916282468,1.1613233368799194,1.0060731767842483,0.2147442637384336,0,0,0.9811269974336028,0.4535644879980306,0.47599145937711,0.20089492447984716,1,0,0.0,0.0,0.0400001978916444,0.0
2024-11-04,-246.38102767978216,0.0387770650561361,-2.4048669650932664,-6.259414019887332,1.0402446959777476,0.6452802751640945,-0.0207625009954927,1.26794319976053,0.981248108201144,0.2045777113565744,1,1,-0.5128815922420472,0.44125677693076343,-0.03689013286493718,0.1262078700525065,1,0,0.981248108201144,0.0387770650561361,0.0387770650561361,0.0
2024-11-05,-73.93757131638199,0.0441744694540136,2.282879023690776,-1.2185753972386637,1.0639922239372794,0.7845712870972154,0.0085719293139532,1.293311401079877,1.000755253677526,0.1936602754697311,1,0,0.34688543385515613,0.2713352928079306,0.30999530099021894,0.030580613802497592,1,1,0.0,0.0,0.0441744694540136,0.0
2024-11-06,340.1353864977898,0.0943708619531777,9.053568676993894,8.86066584241798,1.1544109936227682,0.8520653235445526,0.0610169620357914,1.960276280324291,1.0770515905135645,0.1964913241022054,1,0,-0.32729226596032585,0.30327447031242766,-0.01729696497010691,0.075913438697656,1,1,0.0,0.0,0.0943708619531777,0.0
2024-11-07,197.442146551856,0.0324445013504776,0.3513808689745934,11.935070939402005,1.1584673730036985,0.9339088521451764,-0.0115514150961195,1.789936780834542,1.069048095248957,0.1879545941384174,1,0,0.08007424434957411,0.16693154401336927,0.0627772793794672,0.23482882708000644,1,1,0.0,0.0,0.0324445013504776,0.0
2024-11-08,120.51247751913252,0.0209549653948566,0.8439738809541852,10.360379742158845,1.145827785650274,0.8960521869780672,0.0075409923717888,1.8085857977757829,1.0632410003029933,0.1890207228512316,1,0,-0.36674147263014073,0.16347379712431145,-0.30396419325067353,0.23775308493680014,0,0,0.0,0.0,0.0,0.0
2024-11-11,799.5244225294068,0.1050856145833241,15.880765733523816,17.26938848780424,1.3277940119990173,-0.0851803918698917,0.1581864821475311,1.588918545458865,1.200746232004707,0.2989541698411383,0,0,0.7718597199542052,0.16803833550917385,0.46789552670353174,0.3416344747072876,1,1,0.0,0.0,0.1050856145833241,0.0
2024-11-12,356.68833552615706,0.0545930200747108,-0.8406532091926988,15.876392136455353,1.3166318690256789,0.1458373049218198,-0.0075070248069604,1.619882274470465,1.166592372677426,0.3595921377475248,1,0,-0.7479040502662291,0.1705467589696985,-0.2800085235626973,0.3275150995671918,0,0,0.0,0.0,0.0,0.0
2024-11-13,271.7782208575318,0.0792348414238036,2.988263638062572,18.340322812592724,1.355976300414917,-0.2120479253816045,0.0325110599636265,1.5125688776103088,1.173066702951003,0.4173271750512889,0,0,0.08829720123586332,0.20240990439893308,-0.19171132232683397,0.2785128529557507,0,0,0.0,0.0,0.0,0.0
2024-11-14,-180.76782701099728,0.0582507876259563,-3.680261786927608,-1.635885462035147,1.3060728227909522,0.5805879867668917,-0.0304029454701028,1.8046394521727784,1.105506559656376,0.439605133001454,1,0,0.39858921820996324,0.19317356119678025,0.20687789588312927,0.2583307296450419,1,0,0.0,0.0,0.0582507876259563,0.0
2024-11-15,-2.86691978430008,0.052092365350717,4.373133907381366,3.536088433609774,1.363189136259516,0.1682898352393733,0.0661062120309703,0.9478668350972028,1.123136940933896,0.4721272451646051,0,0,-0.10698837943103473,0.17253676920806768,0.09988951645209454,0.31891934827488677,1,1,0.0,0.0,0.052092365350717,0.0
2024-11-18,-172.2871750539307,0.0353777545075878,-0.5747119041142001,-0.0458396210085365,1.3421903509488131,-0.534870153458291,-0.0117262782429212,0.7136786325205569,1.0862298990973636,0.4882283776606188,1,0,-0.13551997028601664,0.11881208330778209,-0.035630453833922104,0.27880277079724086,1,1,0.0,0.0,0.0353777545075878,0.0
2024-11-19,-124.88112921863468,0.0387235876803774,1.9892819836786255,5.837632425699901,1.33209871951783,-0.3053904246666731,0.0094808291580841,0.7480784707577735,1.0781103477215428,0.5017446622180266,1,0,0.035832309315169564,0.12345683850434826,0.00020185548124745933,0.2947282691283839,0,1,0.0,0.0,0.0,0.0
2024-11-20,-79.70216343155334,0.0347947965521796,2.161166598491282,3.594628175355985,1.2666347720992954,-0.3048320992382745,0.0227350424713602,-0.5371622057612238,1.0778771773682136,0.5095090679421949,1,0,0.07701813364456894,0.0522322585731136,0.0772199891258164,0.364440029750057,1,1,0.0,0.0,0.0347947965521796,0.0
2024-11-21,87.93260335170726,0.049557187333571,4.415154542830901,8.793741691803024,1.302133039018019,-0.6225014619574101,0.0438204661117966,-0.1875303979074748,1.097137377188704,0.5283369213712577,1,0,-0.026130721588352945,0.05497437852710059,0.051089267537463456,0.40299406470259697,1,1,0.0,0.0,0.049557187333571,0.0
2024-11-22,-49.47963719360269,0.0245746802264352,0.5004201495724558,7.205546867365964,1.2331048389608044,-0.3413217010304131,0.0033581031656959,-0.223167604452369,1.0757269084978531,0.5304220884735362,0,0,-0.24464935826836154,0.07543145205516928,-0.19356009073089808,0.3828581782185384,0,0,0.0,0.0,0.0,0.0
2024-11-25,-544.1025548799616,0.0675828352113359,-5.955056862531716,-1.311428844710194,1.093326020697158,-0.058780423359265,-0.0622442328462845,-1.0681868039923428,1.00685198899942,0.5171326623513549,0,0,-0.040530251635407855,0.16675491799182923,-0.23409034236630594,0.32303031402800303,0,0,0.0,0.0,0.0,0.0
2024-11-26,-522.8167268161505,0.0458870772603746,-1.1997304040733403,-6.618368963100996,1.0664107874666229,-0.5370226309692356,-0.018266626610725,-1.1608423740036606,0.99045636873388,0.5053545337873202,1,1,0.1777921634916724,0.21782142909669358,-0.05629817887463353,0.25190244296629155,0,0,0.99045636873388,0.0458870772603746,0.0,0.0
2024-11-27,-157.9401061309045,0.05817390967373,4.323745271515378,-3.0658630597423358,1.1070537339798474,-0.6367661764337216,0.0491735394490857,-1.3211507473840296,1.02733171341071,0.4952050532682825,0,0,0.34287836203690275,0.19633857622655973,0.28658018316226924,0.22264661071187053,1,0,0.0,0.0,0.05817390967373,0.0
2024-11-28,-195.1778112547836,0.0206252027603835,-0.3231078796704811,2.739107369632232,1.0978775351872272,-0.6576328512155445,-0.0073676338374745,-1.7829731902118913,1.0148836027384969,0.4699335138243349,1,0,-0.2378133129709485,0.1536540221894852,0.048766870191320755,0.19292629898822106,1,1,0.0,0.0,0.0206252027603835,0.0
2024-11-29,-73.2151906086192,0.0337085748983473,1.8912786163713056,5.953344627594714,1.0902517658039674,-0.5468058848956067,0.014793271721176,-2.531600686228382,1.0271082156521394,0.4366398561659808,0,0,-0.15958357325030692,0.14592430934112405,-0.11081670305898617,0.1797546647989539,0,0,0.0,0.0,0.0,0.0
2024-12-02,-210.24920357500375,0.038280109649289,-1.6377937607589543,-0.1013172133264239,1.0601404586262362,-0.9301139690320632,-0.0260447944222718,-2.6554799712520545,1.0046508691882607,0.3797642611724316,1,0,-0.5696881352820331,0.3249680943734281,-0.6805048383410193,0.07730013141474414,0,0,0.0,0.0,0.0,0.038280109649289
2024-12-03,-174.0369464368332,0.0277872967870109,0.1427621551364444,0.3655894270894189,1.0576325298674616,-0.9323594947700676,-0.0025386296809173,-4.259303199626133,1.0022426222826089,0.3159365003221285,1,0,1.4895505405212235,0.34168594444715483,0.8090457021802042,0.14791437424150194,1,1,0.0,0.0,0.0277872967870109,0.0
2024-12-04,26.469123945765205,0.0460349529344651,2.881567529768403,1.3410500538072911,1.0881089254323906,0.2717403304421543,0.0157665424627151,-1.6042600166655323,1.0263771323733593,0.2800399386719209,0,0,-0.833488352720936,0.346412310279113,-0.02444265054073186,0.15632405032765948,1,1,0.0,0.0,0.0460349529344651,0.0
2024-12-05,-163.77287712581165,0.1232140758592482,-2.2020788503929523,0.7596759092082239,1.0641479089162058,0.5538329635913595,-0.0202544259726671,-0.3780965478460301,1.0057729882517947,0.2277781599177141,1,0,-0.08433262142890058,0.3352271248004109,-0.10877527196963244,0.1332252979816264,0,0,0.0,0.0,0.0,0.0
2024-12-06,77.89315713450833,0.0552939201559111,3.444474217316973,4.081727649856859,1.100802209272942,0.6277697058253223,0.0263479065211176,0.1975263295817612,1.0394175793452594,0.1649070973806822,0,1,-0.10370316656755768,0.3346360875484282,-0.21247843853719012,0.08979419853995253,0,0,1.0394175793452594,0.0552939201559111,0.0,0.0
2024-12-09,-144.81474530907144,0.0709884096301069,-2.4899664585615544,-1.352467717292294,1.0733926034869414,0.9363020375478478,-0.0187022070606764,0.6951695634386252,1.0089912391768,0.1578512611632287,0,0,0.2597972725443151,0.15678325125162687,0.04731883400712501,0.1919278335679075,0,0,0.0,0.0,0.0,0.0
2024-12-10,-165.0208354269207,0.0408469706342622,-0.7772430783165474,0.0847461945294725,1.05335407390181,0.9343673611476706,-0.0052669843217696,0.978760589094008,0.9963098760500502,0.1440437762131051,1,1,-0.09300524844656313,0.1437782847525598,-0.04568641443943812,0.123115045271934,0,0,0.9963098760500502,0.0408469706342622,0.0,0.0
2024-12-11,168.03805291159642,0.0609464077167303,4.652269534294651,1.2533140534631615,1.099721429733614,0.9577129249268438,0.0288640298069826,2.7146881281042776,1.0370919256084763,0.1476914158993767,0,0,0.09286769953970281,0.08735188664668164,0.04718128510026468,0.06862704410415979,1,0,0.0,0.0,0.0609464077167303,0.0
2024-12-12,10.176873650787456,0.0318359199294303,-1.1169293200355757,2.6790602617768,1.0874383186462049,0.9680857702603348,-0.0045782524144767,2.4609414220733465,1.0209136269631645,0.1284440781744199,1,0,0.17011086163369732,0.11063051741821951,0.217292146733962,0.07935252667710449,1,0,0.0,0.0,0.0318359199294303,0.0
2024-12-13,74.50925372796519,0.0261732984722546,1.4156490833941326,4.948339138976232,1.1028326292365966,0.963735883020415,0.0129566188778547,2.3862549107944155,1.031159476284591,0.126878646160746,1,1,-0.5221296428120695,0.11810364488366658,-0.3048374960781075,0.07160619774186569,0,0,1.031159476284591,0.0261732984722546,0.0,0.0
2024-12-16,313.3616761354797,0.042040984382032,4.504725380454056,4.800377570974468,1.1525122105897465,0.974880031047094,0.0326433100971226,2.949603342829486,1.0665920722536817,0.1389249879512566,1,0,0.6657324410043657,0.1631648150570457,0.3608949449262582,0.12657509099045355,1,1,0.0,0.0,0.042040984382032,0.0
2024-12-17,162.4708945528855,0.02804497895885,0.1045771070669721,6.094980720790066,1.1537174745181746,0.9840512102174056,0.0042593345488349,2.852493266637163,1.056928264716261,0.1503553045034358,0,0,-0.3977736844099127,0.1610196255089671,-0.0368787394836545,0.1833055192301981,1,0,0.0,0.0,0.02804497895885,0.0
2024-12-18,-336.86808136687614,0.0642640084583614,-5.746210601989676,-1.397328130095321,1.0874224386804037,0.9838547352660096,-0.0218378115840571,2.151258188835017,0.9949337255349678,0.1463789469252489,0,0,-0.005732492492016822,0.14506896264001692,-0.04261123197567132,0.2220774440547555,0,0,0.0,0.0,0.0,0.0
2024-12-19,-404.9039835891208,0.0734475202106092,-2.5495268879325628,-8.053181434096746,1.033605312164104,0.8993925842225771,-0.0244680817053573,2.1404814765312823,0.9687030884025692,0.1466756970581504,1,1,-0.20177071388914353,0.16915468938657377,-0.24438194586481485,0.16851455035955748,0,0,0.9687030884025692,0.0734475202106092,0.0,0.0
2024-12-20,-244.8909256939114,0.0605971872390413,0.2717960528709318,-7.899589555334074,1.060545040638058,0.8695017375500038,-0.0075970374277085,1.933319205453625,0.9734298326118872,0.1467182465661629,0,0,0.3699946150494119,0.13261035673950472,0.12561266918459701,0.20104168971690037,1,0,0.0,0.0,0.0605971872390413,0.0
2024-12-23,-342.2642817556198,0.0423829062415763,-3.140154781211724,-5.3530732585534535,1.0272422848375584,0.7218047270160018,-0.0412255494183166,1.643102147663232,0.9454483118803944,0.1423793417451983,1,0,-0.42377376165758407,0.187551872868989,-0.29816109247298705,0.10175762159439425,0,0,0.0,0.0,0.0,0.0
2024-12-24,68.2558667593521,0.060359572908205,4.213760595334648,1.2156416436717388,1.0705278154546587,0.7516759839042879,0.0286667430680935,1.7650636090460303,0.9833228796488775,0.1282180578021959,1,0,0.5971718343699144,0.15833777969387464,0.29901074189692733,0.06965144974800448,1,0,0.0,0.0,0.060359572908205,0.0
2024-12-25,110.05670068968084,0.0189858663412821,0.6314615210434305,1.5786925968924947,1.0772877866813215,0.4464685039628102,0.0065834838142744,1.6126606729436277,0.991383402573593,0.1254055013409529,0,0,-0.019152718409895853,0.2117964802215073,0.2798580234870315,0.10203912899415526,1,1,0.0,0.0,0.0189858663412821,0.0
2024-12-26,-130.19411755518058,0.0495502056545248,-3.528406928650052,1.1715254633333003,1.0392766897745571,0.4879223329259112,-0.0350151283728923,1.633919288298894,0.9604763616770728,0.1250876446509273,0,0,-0.8815177463460714,0.2489573199521274,-0.6016597228590399,0.06297125284146103,0,0,0.0,0.0,0.0,0.0
2024-12-27,-151.44484499891132,0.0423098551725522,-1.7022260795415023,-4.57176019394262,1.021585850922619,0.4078844514349281,-0.002120925982338,1.5316799261307656,0.951082717590801,0.1318784245610851,0,1,0.7986778794787824,0.24671483222732707,0.1970181566197425,0.03818447417579591,0,0,0.951082717590801,0.0423098551725522,0.0,0.0
2024-12-30,-146.54674270692976,0.038709663273862,-1.615940859041931,-6.702959026055799,1.0145216793843366,0.7218871966787482,-0.0042316180555844,1.2378793209401224,0.9485386169944292,0.1410277307513946,1,0,0.21429732670076188,0.26300080715512786,0.4113154833205044,0.15529301066882908,1,1,0.0,0.0,0.038709663273862,0.0
2024-12-31,15.129792217032444,0.0447030497189633,0.8484077565384274,-2.4701704297549143,1.023128960003997,-0.0267111404559517,0.0175158374636166,1.1579352356577564,0.9691999559347662,0.1470478919809884,0,0,-0.5969380007548765,0.2645695076191013,-0.1856225174343721,0.17547489529560237,1,0,0.0,0.0,0.0447030497189633,0.0
