date,ROC_3d,sent_q5_flag,sent_cross_up_x_high_low_range,ROC_1d,sent_accel,high_low_range,BTC_Nasdaq_corr_5d,BTC_Nasdaq_beta_10d,sent_5d,BB_width,sent_q2_flag_x_Close_to_SMA10,sent_neg_x_high_low_range,sent_vol
2024-01-01,0.14696320979734784,2.2360679774997894,-0.775531358938486,1.338131822413129,-0.0004682801623799458,-0.09788447754196906,-2.0013759548711954,-2.2974530504715998,3.549011302175648,-1.3502480889067219,-0.49937580858847286,-0.25641440465966986,-2.4045950091037573
2024-01-02,0.8093798615378636,-0.44721359549995787,-0.775531358938486,0.43418990848888095,-0.5725973194724037,-0.35366993909799654,-1.642951823641349,-2.2900980445143593,2.496299051829735,-1.2830910849672557,-0.49937580858847286,-0.25641440465966986,0.17957142069613524
2024-01-03,0.166308140888326,-0.44721359549995787,-0.775531358938486,-1.4429129950955681,-0.010254160165961762,2.644774585490206,-0.7134074539784746,-0.8006476478302839,1.4315828477689876,-1.2932328896565297,1.948685810448258,-0.25641440465966986,1.2812667893077712
2024-01-04,-0.1388848095511124,-0.44721359549995787,1.1846404562783261,0.8158017940183044,0.8997571108127891,0.029807700608842285,0.4862697443643553,-1.3107125545351754,1.192068938139356,-1.2634939109848726,-0.49937580858847286,-0.25641440465966986,0.7176518624789487
2024-01-05,-0.4523368633415032,-0.44721359549995787,-0.775531358938486,-0.09541807635764976,-1.612314192982733,-0.4717607832396569,-0.18500205453141452,-1.3773820750909096,0.09632319408046927,-1.2637022429224787,-0.49937580858847286,1.3379804757983542,2.63514008222759
2024-01-08,1.5338929935232388,-0.44721359549995787,2.721989531925655,1.756777543761095,2.5050478261930507,1.5974553467579549,1.0210225596742204,0.5275703863361287,-0.5787976441439889,-1.0444900303153373,-0.49937580858847286,-0.25641440465966986,1.430433513698805
2024-01-09,0.6297245925472037,-0.44721359549995787,-0.775531358938486,-0.5962502907368971,-1.564657171213003,0.45118016482428663,1.0930182208094152,0.6298973280204209,-1.092057560426492,-0.9935427069889948,-0.49937580858847286,-0.25641440465966986,0.8904570488142625
2024-01-10,0.829548502280687,-0.44721359549995787,2.0296959012491222,0.2221447061404174,0.6453549997283146,0.8915177703378987,0.7445633346761619,0.49333118534256515,-0.9609305883228098,-0.8558450497321496,-0.49937580858847286,-0.25641440465966986,0.9874181741668079
2024-01-11,-0.367330635234399,-0.44721359549995787,2.1582961989177845,-0.24507677528044722,0.06985914020591172,1.0226525640733202,1.5208982908432425,0.4955083970691864,-0.7962186275223333,-0.7704736861719323,-0.49937580858847286,-0.25641440465966986,1.2959658901277409
2024-01-12,-1.3860328697813293,-0.44721359549995787,-0.775531358938486,-2.2793123393666566,-0.7978473736219802,2.5504519475210095,1.225307358401002,0.3871488683961522,0.0015229502534411157,-0.819171891852542,-0.49937580858847286,-0.25641440465966986,-0.8855270581863764
2024-01-15,-1.6831694720715842,-0.44721359549995787,-0.775531358938486,-0.31466406182032597,0.32842709083486704,-0.36827020541236744,0.3273217946695557,0.9703103258382496,-0.16969083043516475,-0.8137775901528166,1.8563528008901213,-0.25641440465966986,-0.8147811949294864
2024-01-16,-1.3524767610425503,-0.44721359549995787,0.6424782055480811,0.35380200254116956,0.24449220939708383,-0.5230396582971366,-0.13578072699820826,1.3851430080977745,0.02166742008657346,-0.8533157619549443,-0.49937580858847286,-0.25641440465966986,-1.0986545471245233
2024-01-17,-0.188829297636121,2.2360679774997894,0.19220680824302921,-0.36075202542940066,0.7649978293401076,-0.9821851492561879,-1.3208453807226377,1.0519202057279493,0.663654390953173,-0.8271469747982106,-0.49937580858847286,-0.25641440465966986,0.3532044617416659
2024-01-18,-0.6565804586137158,2.2360679774997894,1.4738655604313013,-1.0871067928119886,-1.2801042513766412,0.32473294622472826,-1.4011839831431259,0.8371183520049831,0.7627019168071715,-0.7101379263182372,-0.49937580858847286,-0.25641440465966986,0.4634757003743116
2024-01-19,-0.7647672553338578,-0.44721359549995787,-0.775531358938486,0.16593279295213265,-0.2290360061458296,-0.10863954312753055,-1.1384537522908849,0.73533970078224,0.737453103336956,-0.6350688343827743,-0.49937580858847286,-0.25641440465966986,0.5000826229863388
2024-01-22,-1.4638370560321683,-0.44721359549995787,-0.775531358938486,-1.5528123441742836,0.7109635049707177,0.3795675600362818,-0.8472042286964392,-0.5585819401124958,0.86945336543694,-0.39330275964039096,-0.49937580858847286,-0.25641440465966986,0.29497103198218766
2024-01-23,-0.7425219709032741,-0.44721359549995787,-0.775531358938486,0.16372665076886,-0.8194590366567684,-0.27051183417578334,-0.46320720630949086,-0.5339607796208287,0.37563844065162827,-0.23632889018611022,-0.49937580858847286,1.552289043236625,1.4440954426811925
2024-01-24,-0.7896994563778157,-0.44721359549995787,-0.775531358938486,0.08411607247817453,1.1459240574208613,-0.943471432231442,-0.42663338491969505,-0.7159945199771619,-0.4636313472274976,-0.10694056878874844,-0.49937580858847286,-0.25641440465966986,0.3834060240043257
2024-01-25,0.044378237805317015,-0.44721359549995787,-0.775531358938486,-0.18763128570000004,-0.6679865742821746,-1.2207649256132438,0.08959641382808807,-0.6847150119620744,-1.1978396055294807,0.011510813065698669,-0.49937580858847286,-0.25641440465966986,-0.5559202927621673
2024-01-26,0.7189123356689467,-0.44721359549995787,-0.775531358938486,1.2812193067066406,0.48360284371598933,0.43393801238621243,-2.2393792994996993,-1.8397934020956968,-1.3024867226095858,0.019116521583030115,2.0153024440606413,-0.25641440465966986,-0.6804270943336239
2024-01-29,1.2534268342428931,2.2360679774997894,0.6450427247301157,0.9346773977902947,0.5177233406382278,-0.5204245967454666,-0.9566418008356747,-1.3917113802329606,-0.9197967593174402,0.008904614817522617,-0.49937580858847286,-0.25641440465966986,0.5733554700864152
2024-01-30,1.1744326353032506,2.2360679774997894,0.3096997226457341,-0.3086263371222884,-0.6557592779800441,-0.86237664667193,-0.018517676875004902,-1.057457991102799,0.07071271365729546,-0.02790536114644377,-0.49937580858847286,-0.25641440465966986,0.8895570453171231
2024-01-31,0.17547691502145008,-0.44721359549995787,-0.775531358938486,-0.3335477725832671,-1.1741653908914602,-0.5647997459540267,0.5442055163629168,-0.8975735196856093,-0.038535732079600205,-0.02593658778189714,-0.49937580858847286,-0.25641440465966986,1.0502402302990665
2024-02-01,-0.22945098624859792,2.2360679774997894,0.5334711000289113,0.25121106124658127,2.1912542945922207,-0.6341951109445455,0.4909005393523544,-0.503273776135657,0.8568488240821708,-0.04081584817663693,-0.49937580858847286,-0.25641440465966986,1.0016690981313043
2024-02-02,-0.049155977596379644,-0.44721359549995787,-0.775531358938486,-0.01012805295375385,-2.0301339335438504,-1.1508626437394929,0.7301823367814921,-0.5762505857329276,0.9067652212172306,-0.056285162024915875,2.0739505582775846,-0.25641440465966986,0.9062631958717879
2024-02-05,-0.11270593380500582,-0.44721359549995787,-0.775531358938486,-0.43758950788211465,1.0426116568525465,-0.7540962153607628,0.9871729913549153,-0.47129539971441453,0.4975293584161935,-0.2593654654501718,-0.49937580858847286,-0.25641440465966986,0.828277430260103
2024-02-06,-0.14025327413933159,-0.44721359549995787,0.006582791203138774,0.2050254032519973,-0.13289175884637844,-1.171467504181857,0.7077124673045809,-0.47064410162351933,0.013969835439556296,-0.4184286134491024,-0.49937580858847286,-0.25641440465966986,0.30555157078041006
2024-02-07,0.3134018527242185,-0.44721359549995787,-0.775531358938486,0.744870756422425,-0.13610778112872388,-0.4794637411767324,0.15337525539447203,-0.3782192922097294,0.2200932922438533,-0.6201188797580789,2.075657727128473,-0.25641440465966986,-0.05552774088104429
2024-02-08,0.9365574713370575,-0.44721359549995787,-0.775531358938486,0.5583274730659461,0.08566896740760416,-0.8116844922500913,-0.2061259014834978,-0.3745554546914187,-0.4338034435524446,-0.7392040673058715,2.100107607510732,-0.25641440465966986,-1.9082335348432444
2024-02-09,1.500478903288187,-0.44721359549995787,1.759946083302789,1.0955170258126243,0.5959526512336041,0.6164516361388956,1.3880129007205018,-0.06666567689087514,-0.014930159728518097,-0.41140130013216597,-0.49937580858847286,-0.25641440465966986,-0.9705581159013869
2024-02-12,2.0754312482868964,2.2360679774997894,1.3219048808137888,1.642216801630754,-0.1860385716782301,0.16977737661259845,-0.9579787965750839,-0.3538735774842769,0.5724310268529856,0.18153436331820869,-0.49937580858847286,-0.25641440465966986,0.1707240906141227
2024-02-13,1.5656557698569453,-0.44721359549995787,-0.775531358938486,-0.20918748406150636,-1.0642733313676669,-0.31485737822765836,0.5574726242865927,-0.37030207868022347,0.6427866531634897,0.576032074051852,-0.49937580858847286,-0.25641440465966986,0.11539623585422185
2024-02-14,1.586996082283652,2.2360679774997894,1.39770098640389,1.129100934607212,1.2673930600647187,0.2470672962527166,0.734401641680534,-0.4292293382836327,1.2291082535106719,1.0844642054983533,-0.49937580858847286,-0.25641440465966986,0.10274866295545554
2024-02-15,0.5474143080895123,-0.44721359549995787,-0.775531358938486,-0.02163172267926921,-1.116195101482805,-0.7934149635322889,0.49450365564455073,-0.3031438111737136,1.446828227482328,1.4208431219788722,-0.49937580858847286,-0.25641440465966986,-0.4337225412568313
2024-02-16,0.7037679857227109,-0.44721359549995787,-0.775531358938486,0.03943878029401951,0.6268732663532331,-1.244388320452304,0.4802989363632948,0.21973811444588737,1.3187040357827216,1.6818480034847954,-0.49937580858847286,-0.25641440465966986,-0.3600430800135706
2024-02-19,-0.1598557505226864,-0.44721359549995787,-0.15957506541519925,-0.2956550191599463,0.04570893620853629,-1.340900053329643,1.100321931334377,0.24776015314266164,1.01530100460732,1.7131003350014902,-0.49937580858847286,-0.25641440465966986,-0.9132353992645084
2024-02-20,-0.02757577934742373,-0.44721359549995787,-0.775531358938486,0.1986765207851348,-0.5671170332796142,-0.23336335895739752,1.1543177958479438,0.266510981212736,0.9025243681774685,1.716201043773329,-0.49937580858847286,-0.25641440465966986,-0.6540069485694873
2024-02-21,-0.2511839969994306,2.2360679774997894,0.5778037709411349,-0.33094556872850706,1.5341402417778296,-0.588988717481963,-0.9292264441660646,0.3679717414363394,1.1766990858228221,1.630095470324642,-0.49937580858847286,-0.25641440465966986,0.290483958365987
2024-02-22,-0.3035530339042531,-0.44721359549995787,-0.775531358938486,-0.38250565543164217,-2.0723585106585567,-1.0788932968167986,-1.9675767163170534,-0.7048218717204316,1.1340923525204287,1.4360948718812183,-0.49937580858847286,-0.25641440465966986,0.3403102164563252
2024-02-23,-0.6618098724871768,-0.44721359549995787,-0.775531358938486,-0.4075190652348129,0.9768809535176388,-1.191121563498958,-1.5111971959124137,-0.8452730302443137,1.032308557963608,1.297733841683721,-0.49937580858847286,-0.25641440465966986,0.42038774683745184
2024-02-26,0.7587857575627658,-0.44721359549995787,2.2627407184882657,2.0792301834754525,0.26875167931136423,1.12915550985933,-1.341323100382835,-0.8067238502665124,1.0355063530037603,1.3865047770452223,-0.49937580858847286,-0.25641440465966986,0.4214042869913762
2024-02-27,1.8209291654408055,-0.44721359549995787,1.4358300929484942,1.276963949476143,-0.40341468513307244,0.2859478635040086,-1.3857558277045257,-0.941074229491241,1.26417007279163,1.5565098138195137,-0.49937580858847286,-0.25641440465966986,0.13557046732328412
2024-02-28,3.902987512209054,-0.44721359549995787,-0.775531358938486,2.664693657147901,0.11302642777687784,2.869757486584058,-2.0800705197368456,-1.6300377808601003,0.6723650988440998,2.0566528662998778,-0.49937580858847286,-0.25641440465966986,-1.6230161786653254
2024-02-29,1.9914337983447952,2.2360679774997894,1.3096855210315603,-0.689303823053734,0.24842980205970117,0.15731719375400222,-2.1109568793183042,-1.81460741115469,0.9681832212262146,2.2490349502524305,-0.49937580858847286,-0.25641440465966986,-1.4632221655082507
2024-03-01,1.4921038467314311,2.2360679774997894,0.7820210764140664,0.5036173734046903,-0.01717972501717376,-0.3807466316090755,-2.7873422923146243,-1.9319610173831625,1.4199993819665921,2.393970833879591,-0.49937580858847286,-0.25641440465966986,-1.176986140383246
2024-03-04,1.4814906496159097,-0.44721359549995787,-0.775531358938486,2.647053847457733,-0.7709308501430556,1.8253752560204155,-2.821953392425362,-2.548488376474147,1.262611006102618,2.820807935059896,-0.49937580858847286,-0.25641440465966986,-0.9743146401901807
2024-03-05,0.5978306260244122,-0.44721359549995787,-0.775531358938486,-2.003356479774409,-0.42018593997739223,4.536870301569758,-0.4593936754810515,-1.1633784066053483,0.4836745108302577,2.7177571836125005,-0.49937580858847286,6.671635918995816,1.2992772761967792
2024-03-06,0.8800553062223407,-0.44721359549995787,2.2194125233042894,0.9622184928776053,1.6644168872284508,1.0849733886560182,0.01133846865764786,-1.2562153532890157,0.22500765369876244,2.705945093517633,2.24251043164986,-0.25641440465966986,1.3519808321271365
2024-03-07,-0.502411914713143,2.2360679774997894,0.6911213353506449,0.2744545559710381,-0.08615978247220425,-0.47343785403273664,0.14328451225298633,-0.5824403434224117,0.24035371269334568,2.670358431720035,-0.49937580858847286,-0.25641440465966986,1.3748211079013752
2024-03-08,1.0858286822259582,2.2360679774997894,1.5563123320215484,0.510585664201577,-0.45114832319991544,0.40880460533157253,0.12159827077091782,-0.6737652941731717,0.2103133717972169,2.6996458529471865,-0.49937580858847286,-0.25641440465966986,1.3082083624907612
2024-03-11,1.4434400918163421,-0.44721359549995787,-0.775531358938486,1.536914129120813,-0.7715535687094436,1.3366747122270966,0.38963695349880384,-0.7142423188357725,0.13442831240159012,2.9810369304501116,-0.49937580858847286,-0.25641440465966986,1.298082634253485
2024-03-12,1.0432523797250346,2.2360679774997894,1.5937657396038245,-0.3421087848972207,1.0229144362065614,0.446996156727859,-2.076212437187809,-1.1817617265514704,1.0748151831000996,3.0670561158491867,-0.49937580858847286,-0.25641440465966986,-0.31212256867885557
2024-03-13,1.077473256508525,2.2360679774997894,0.527375657263665,0.5648758994527752,-0.2091590450612113,-0.6404106846581157,-2.1515077231801456,-0.8027449484004572,1.6525288855959048,3.2159242065563327,-0.49937580858847286,-0.25641440465966986,-0.7986713793979073
2024-03-14,-0.31971225159590705,2.2360679774997894,2.227841963140567,-0.7524540487800214,-0.2833069630630022,1.0935689586062791,-1.7121925776243083,-0.4344770144185222,1.7224698092281825,3.188084668670288,-0.49937580858847286,-0.25641440465966986,-0.7585819074909836
2024-03-15,-0.6506930754529934,-0.44721359549995787,-0.775531358938486,-0.8923072605718315,-0.4532497297297113,2.1164986873387286,-0.9267442373301786,-0.15441711282813353,1.2830913264042876,3.0298653070869017,-0.49937580858847286,-0.25641440465966986,-0.528048016048889
2024-03-18,-1.4645662032965805,2.2360679774997894,0.6338437103799212,-0.8580904523768107,0.9336578149131719,-0.5318443248757745,-0.8954761351037075,-0.24099275605017983,1.5894228375781347,2.7521573774306125,-0.49937580858847286,-0.25641440465966986,-0.9087417777565191
2024-03-19,-2.460303520253527,-0.44721359549995787,-0.775531358938486,-2.4999156075430693,-1.692269063261856,2.504811623291357,-1.7729170465616821,-1.4521746375204871,0.6430991241098518,2.4383534784217273,-0.49937580858847286,4.507711156565715,1.5172233260453765
2024-03-20,-0.5182674787116623,-0.44721359549995787,-0.775531358938486,2.7223054955140733,1.9267131798450696,2.566790532907313,0.4189838998523314,-0.5709851318251364,0.016114405376255633,2.060085286558842,1.9416685887913527,-0.25641440465966986,1.2053559246196774
2024-03-21,-0.6749572547661954,-0.44721359549995787,1.508909482877242,-1.116853005177956,-0.5407179119562129,0.36046752557592665,0.43973711574674257,-0.6764442758590616,-0.48098484442155065,1.5401227125261636,-0.49937580858847286,-0.25641440465966986,0.5811786502243309
2024-03-22,0.38173216678305194,-0.44721359549995787,1.9911141765494769,-0.8413025747643199,0.14915188714927746,0.8521756645872545,1.0917306104068,-0.1439296537949859,-0.40483321773042097,0.8574364203371235,-0.49937580858847286,-0.25641440465966986,0.6563332267764864
2024-03-25,0.3812934195761259,-0.44721359549995787,-0.775531358938486,2.721529789496153,-0.6086272906998585,0.8918123116185556,-0.29492774844385167,-0.30288419079218776,-0.8905469646626608,0.39292261663302647,2.0451197223147584,-0.25641440465966986,-0.07621261488557021
2024-03-26,1.0534410136653458,2.2360679774997894,0.5240185753930711,-0.07211330411765714,1.3322618515374502,-0.643833928978961,0.07214742268585096,0.1803823064386947,0.2879177103555044,0.017705025353916114,-0.49937580858847286,-0.25641440465966986,0.20098502054591683
2024-03-27,1.4082722645491668,-0.44721359549995787,-0.775531358938486,-0.3044227955630571,-1.8584953762516228,0.06163718008402188,-1.9406369427522554,0.5391516371075732,0.34466102365103474,-0.07930359202852975,2.0459231644439906,-0.25641440465966986,0.12483199117147269
2024-03-28,0.05210747262382893,-0.44721359549995787,-0.775531358938486,0.45348881534627244,0.4074459800890023,-0.3896490005810622,-1.8404299795645336,0.2325390199144094,-0.02247183537935723,-0.2557005962617616,-0.49937580858847286,1.4254207262603875,0.8234922891012529
2024-03-29,-0.1675287273336758,-0.44721359549995787,-0.775531358938486,-0.43288519285984345,0.5916533731081135,-0.8613876668421978,-1.7280154762661843,-0.29807522809288683,-0.4878013762298836,-0.4195035570281265,-0.49937580858847286,-0.25641440465966986,1.0176895696572676
2024-04-01,-0.08188815393804648,-0.44721359549995787,1.1409781777016552,-0.1631188513539078,0.49725186669848526,-0.014715088210218765,-1.7404561046590294,0.6301953302835244,-0.23740454559814814,-0.41264708525244076,-0.49937580858847286,-0.25641440465966986,1.0739119796570398
2024-04-02,-1.4498208565943629,-0.44721359549995787,2.4596509911036173,-1.8517488012369296,-0.7379126051446211,1.3299465535187267,0.9343800275146885,2.8209363683596664,-0.7949222434675536,-0.4828230880132547,-0.49937580858847286,-0.25641440465966986,-0.39669143837342113
2024-04-03,-1.1199340257130437,2.2360679774997894,0.6996087226904313,0.15205262062334296,0.8560381414967285,-0.4647831945309124,1.2630705737265515,-0.1209090660287548,-0.16246763538934794,-0.47925470607537624,-0.49937580858847286,-0.25641440465966986,1.0113196615935924
2024-04-04,-0.4424090191552439,-0.44721359549995787,-0.775531358938486,1.0252616063958753,-1.204956221902896,0.6014494626257537,-0.8576752134890582,-1.5023957458162382,0.47323709961991645,-0.49592263216258303,-0.49937580858847286,-0.25641440465966986,0.4142111230483274
2024-04-05,0.49315449214926954,-0.44721359549995787,-0.775531358938486,-0.3678035895234616,0.5474563271624169,-0.28233904104841034,-0.8800698055051583,-1.4940665547551308,1.0796630958678102,-0.4926822889188612,-0.49937580858847286,-0.25641440465966986,-0.6264682877961797
2024-04-08,1.3495902556943586,2.2360679774997894,1.3315883925644412,1.5351201515070112,0.20119769153032088,0.17965173413024663,-0.7025817095258099,-1.0898148701696637,1.438915553019473,-0.5099826873180222,-0.49937580858847286,-0.25641440465966986,-0.5461506013084422
2024-04-09,0.016553406794480287,-0.44721359549995787,-0.775531358938486,-1.0915746557223618,-1.0253879468007285,0.18300866669514027,-2.0169265899160562,-1.3281458541825097,1.3394136611242526,-0.5547031232096273,1.9920286373821239,-0.25641440465966986,-0.24290216357004685
2024-04-10,0.5631401864393119,2.2360679774997894,1.326866299192275,0.5226439394818262,1.3398166404710772,0.17483657622171792,-1.99948195598781,-1.4898927966903308,1.1372166427228787,-0.6532453514436959,-0.49937580858847286,-0.25641440465966986,-0.6134412295458983
2024-04-11,-0.5262580839515708,-0.44721359549995787,-0.775531358938486,-0.3004094189447939,-1.0873460575258607,-0.9555055859877839,-1.77923968638853,-1.424051854456874,0.918885152701327,-0.6919896948135325,-0.49937580858847286,-0.25641440465966986,-0.3537448797558444
2024-04-12,-0.6339723954514977,-0.44721359549995787,-0.775531358938486,-1.2680663849809313,0.6074958394479452,1.7748851472837899,-0.4180198454882481,-0.7926520379853252,0.72860805458171,-0.6924396905070701,-0.49937580858847286,-0.25641440465966986,-0.3348804510501315
2024-04-15,-1.9131535987272354,2.2360679774997894,2.187815777406196,-1.708467839736475,1.0693342017698968,1.0527539239178216,0.21751027234161102,-0.2958750466525342,1.205330674686842,-0.5610008208876811,-0.49937580858847286,-0.25641440465966986,1.2321119630100659
2024-04-16,-1.6992326804275804,-0.44721359549995787,-0.775531358938486,0.09192830118696396,-2.8379616808605226,-0.22548647442582767,0.4751584613709564,-0.526475252661359,1.0150053116092688,-0.6801091834967322,-0.49937580858847286,-0.25641440465966986,1.6198654227353362
2024-04-17,-1.6800118844961547,-0.44721359549995787,-0.775531358938486,-1.2344605901362034,2.320778952082559,1.2765275147792234,1.0820518315360488,-0.3829388817652485,0.8796166727195036,-0.4212458811757776,-0.49937580858847286,-0.25641440465966986,1.5677411263159093
2024-04-18,-0.12006104757757059,2.2360679774997894,1.367323877366172,0.9724656394591936,-0.5172166532886857,0.21609150537077762,1.2530830150075463,-0.0364108129998181,1.2187779339868687,-0.3526441863096338,-0.49937580858847286,-0.25641440465966986,1.4615662291350595
2024-04-19,-0.1351906736633547,-0.44721359549995787,-0.775531358938486,0.06668940577824155,-0.6597381798801544,1.8805492979881746,0.4317324969581045,-0.10843691820643889,1.0998094483089582,-0.3552920318377044,-0.49937580858847286,-0.25641440465966986,1.5940661592713732
2024-04-22,1.4387523144475272,2.2360679774997894,0.8856456492878998,1.2737777726066104,1.1259949937678482,-0.2750797922931764,0.6830246151275479,0.06917433065758882,0.564413353317156,-0.37978915224092163,-0.49937580858847286,-0.25641440465966986,0.04377592777492083
2024-04-23,0.6508973873737106,-0.44721359549995787,-0.775531358938486,-0.27058122317130207,-1.161663203125525,-1.121953997744492,-0.0017594141722990185,-0.03393223271531863,0.8463392554820445,-0.4073129539854456,-0.49937580858847286,-0.25641440465966986,-0.689935653312409
2024-04-24,-0.025492598877265012,2.2360679774997894,1.466162625860337,-1.013003761762545,1.0852937657915933,0.31687819973943293,-0.6393136336621411,-0.01614137287023824,1.036274533792175,-0.3851939582207662,-0.49937580858847286,-0.25641440465966986,-0.4736615920448253
2024-04-25,-0.7585590620307983,-0.44721359549995787,-0.775531358938486,0.008134046353894048,-1.4396354884258398,-0.3401502658434579,-0.36627593229227823,0.2477632091437099,0.4553222674621609,-0.4291873012109914,-0.49937580858847286,-0.25641440465966986,0.1393348302692303
2024-04-26,-0.8402687487982441,-0.44721359549995787,-0.775531358938486,-0.4102998587280363,1.0970621749233773,-0.9988598562520292,-0.47961838200710394,-0.30712440062681773,0.39648115283090646,-0.4405972536489976,1.9652772321816065,-0.25641440465966986,0.21436657752284513
2024-04-29,-0.26208537593163655,-0.44721359549995787,-0.775531358938486,-0.04515890666773375,-0.5392610600362162,-0.3978606533063102,-0.977076572832076,-0.755372447401792,-0.36587123256513404,-0.468571756497389,-0.49937580858847286,-0.25641440465966986,0.15806450088217358
2024-04-30,-1.1836795000218838,-0.44721359549995787,-0.775531358938486,-1.5373957606377622,0.536684210090832,1.9124561975692034,0.4779668834785266,-0.3254236988324536,-0.581757345623246,-0.30484521514864227,-0.49937580858847286,-0.25641440465966986,0.18773948232855417
2024-05-01,-1.648612361559419,-0.44721359549995787,-0.775531358938486,-1.221955237272957,-0.19514383461842977,1.0884921605528266,0.534700623384319,-0.4331713057507903,-1.1935746212862417,-0.01856640962145596,-0.49937580858847286,-0.25641440465966986,-1.6220995532106326
2024-05-02,-1.432536521406203,-0.44721359549995787,1.0879260957889243,0.3480130586488664,0.1438926719933008,-0.0688127376323473,1.1271210363205475,-0.22839658604644766,-1.0358520705259655,0.11997119597339169,1.823036184866261,-0.25641440465966986,-1.4985608462031026
2024-05-03,0.5040882460495226,-0.44721359549995787,-0.775531358938486,1.7604031661600863,-0.19306120265507457,1.0286652262449212,1.3941536018951435,0.6441560064699747,-1.058115825190126,0.10690267399833094,1.9747200390492643,-0.25641440465966986,-1.5359908290673103
2024-05-06,1.3253745889368167,-0.44721359549995787,-0.775531358938486,0.04115613445967534,-0.5096362050596117,-0.1345337171060262,1.363014872914144,0.5114916267807714,-1.238562099345254,-0.11148335610119522,-0.49937580858847286,1.6970911682053575,-0.8855785481891534
2024-05-07,0.8033604976679224,-0.44721359549995787,-0.775531358938486,-0.463299160896107,1.0482445259774138,-0.5458283331337287,1.3885246754565521,0.6261531139921713,-1.200684353855296,-0.21346324626685972,1.983395960843217,-0.25641440465966986,-0.8662878657264155
2024-05-08,-0.6157762535015765,-0.44721359549995787,-0.775531358938486,-0.6168514047847687,-0.43618397317136476,-0.5160664797798078,1.324795023047446,0.5999541294877718,-1.1218872574193026,-0.4309091465160494,1.9498649489496669,-0.25641440465966986,-0.8157178035437492
2024-05-09,-0.174775310793332,-0.44721359549995787,-0.775531358938486,0.7969978665876334,-0.956496389383311,-0.12580915715400415,1.1312224289554191,0.7299756678979767,-1.8120531725580076,-0.725895216476126,-0.49937580858847286,1.7063818897397778,0.18391464862915957
2024-05-10,-0.5752569546122178,-0.44721359549995787,-0.775531358938486,-1.120699834460379,1.567556011903208,0.2762413545298943,0.35513008640391314,1.3094665073967107,-1.9753742079812966,-0.8164028025685213,-0.49937580858847286,-0.25641440465966986,-0.008300051772247225
2024-05-13,0.3445007449560978,-0.44721359549995787,0.9679360017345886,0.9202019971792963,-0.24560313511951126,-0.19116763508872778,1.320985695742428,1.3168668406582573,-1.4175229807913619,-0.8186124856552198,-0.49937580858847286,-0.25641440465966986,0.2803663395030815
2024-05-14,-0.5579540998259451,-0.44721359549995787,-0.775531358938486,-0.7049377566591467,-0.6299978625496632,-0.6209667380916511,-0.2777165852882311,1.5954374546557275,-1.3736798087590718,-0.8131783664822166,1.9821616978614647,-0.25641440465966986,0.3162263320394276
2024-05-15,1.426601869819012,-0.44721359549995787,2.4209992395594693,2.1336876949985477,0.6479708887580686,1.2905330408119848,0.7534339829098254,1.8784763233705788,-1.0459106413411514,-0.7454772880405739,-0.49937580858847286,-0.25641440465966986,0.864939521094989
2024-05-16,0.5021505281923481,2.2360679774997894,0.5549192248720749,-0.5367520023664027,-0.2291964019036252,-0.612324279552176,0.9469770338820905,2.239880069011688,0.10107467727734214,-0.7120514540119653,-0.49937580858847286,-0.25641440465966986,-0.16309692228202002
2024-05-17,1.4141156208844403,-0.44721359549995787,-0.775531358938486,0.7238565371037682,-0.4510997435217563,-0.4977868675263247,0.5655693565855698,1.8098406562768847,0.581552824588659,-0.6092563107967087,-0.49937580858847286,-0.25641440465966986,-0.7847675977257271
2024-05-20,1.2194864392095401,-0.44721359549995787,-0.775531358938486,1.814313934129704,-0.19531967041457968,1.2154597227001822,0.6162016079002899,3.4213003422050257,0.4325322484412456,-0.28033161302400805,2.2618554100376738,-0.25641440465966986,-0.5182957321841596
2024-05-21,1.167417821524286,2.2360679774997894,0.8485093535031887,-0.615682413147438,1.375899886014471,-0.31294798215050373,1.1439026070136087,3.3927542909040347,1.130346424514879,-0.0945190405337884,-0.49937580858847286,-0.25641440465966986,-0.18057183958988246
2024-05-22,0.3946282868101174,-0.44721359549995787,-0.775531358938486,-0.502818543123592,-1.59062244249514,-0.9651800127059905,0.9492414807439555,3.3201654088043324,1.0273987713146406,0.04020329823172015,-0.49937580858847286,-0.25641440465966986,-0.11270319170187373
2024-05-23,-1.0026702396056386,-0.44721359549995787,-0.775531358938486,-0.583766386939143,0.9467455744507683,0.31734603452518684,0.9546826454327313,3.230898246922463,0.9891783230606233,0.10778961915533003,-0.49937580858847286,-0.25641440465966986,-0.15296617783801172
2024-05-24,-0.5442742600625357,-0.44721359549995787,-0.775531358938486,0.17014637089755566,-0.4820088399034813,-0.37104637852445077,0.624148495190676,2.116325700462558,0.9929360967979286,0.18552736225430336,-0.49937580858847286,-0.25641440465966986,-0.15361005862726082
2024-05-27,-0.0751779273644516,-0.44721359549995787,-0.775531358938486,0.2828259767620824,0.03163766846371945,-0.5321219457846479,0.9073488984834898,2.15195003654366,1.2057118716863267,0.2819487712787616,-0.49937580858847286,-0.25641440465966986,-0.6612834360422889
2024-05-28,-0.04972812281769176,-0.44721359549995787,0.6090807183445714,-0.5424026714136837,0.2422619405280878,-0.557095353930109,0.9126963142431967,2.725198050190989,0.7931522269592728,0.24930120681184734,-0.49937580858847286,-0.25641440465966986,-1.580125198816898
2024-05-29,-0.38510864259852257,-0.44721359549995787,0.2955910291759906,-0.3885796099665035,0.023722658859798584,-0.8767633988145882,0.7924918872143125,1.3838036985555833,0.9434093085254943,0.04694772987857528,-0.49937580858847286,-0.25641440465966986,-1.6270205343792503
2024-05-30,-0.4025840677548438,-0.44721359549995787,-0.775531358938486,0.2530306005372071,-0.632444526884796,-0.4999524248350566,-0.6063430836828335,0.21653282809088015,0.49420492312578274,-0.13359960960246076,1.9658970680632741,-0.25641440465966986,-1.1403980708288033
2024-05-31,-0.34935510663381447,-0.44721359549995787,0.6737698795154363,-0.4541124617829073,0.8939058462045207,-0.49113127794550127,-1.4381192957874365,0.2970590923895123,0.4582072948681394,-0.1765353388528227,-0.49937580858847286,-0.25641440465966986,-1.1764988700339185
2024-06-03,0.17269601474006366,-0.44721359549995787,-0.775531358938486,0.4793252284462583,-0.7097241079291733,-0.35095371840267614,-0.7946566354151173,-0.44113078438743736,0.28977684224262995,-0.19918491876053335,1.989731192443656,-0.25641440465966986,-0.9719284885456405
2024-06-04,0.4180361610095184,-0.44721359549995787,-0.775531358938486,0.6577792766634677,0.43904229118725524,-0.48589060579950055,0.05405050385151859,-0.24740689438282784,0.13374319040940377,-0.22209813812997378,-0.49937580858847286,-0.25641440465966986,-1.0243364170924387
2024-06-05,0.7841116403335104,-0.44721359549995787,0.006507623676902588,0.12720647087787387,0.2089553290019221,-1.171544153133899,-0.6938216114727309,-0.516157217087965,0.12643691350471523,-0.3266812254527695,-0.49937580858847286,-0.25641440465966986,-1.0450090791768087
2024-06-06,0.3509822902510815,-0.44721359549995787,-0.775531358938486,-0.21677735965883882,-0.6714686237479444,-1.071416467620811,-0.21388866264586673,-0.6397981164328432,0.23913641761956525,-0.38321364626637366,-0.49937580858847286,-0.25641440465966986,-1.2469760148613276
2024-06-07,-0.4466238189813101,2.2360679774997894,1.2517842189302495,-0.6629873522319412,1.4281990165442526,0.09827475415070741,0.03510997437784248,-0.5438895389759799,0.8650795404075725,-0.6675342841442689,-0.49937580858847286,-0.25641440465966986,0.6776867516487592
2024-06-10,-0.5291572955482059,-0.44721359549995787,-0.775531358938486,-0.013267682597663593,-2.31779189280712,-1.414931500903792,0.054126138415912524,-0.568827646838706,0.8207342181446844,-0.8517395512876271,1.9929577468494781,-0.25641440465966986,0.7542151174608595
2024-06-11,-0.9880136248830376,2.2360679774997894,1.327803947806363,-0.9922871240149078,2.405326005365276,0.17579270431654948,0.04997366416488272,-0.8752532811098592,1.5532781407220908,-1.2408238481065526,-0.49937580858847286,-0.25641440465966986,1.2343111256085313
2024-06-12,-0.4208438225412302,-0.44721359549995787,-0.775531358938486,0.30683699741978004,-2.148346541976937,-0.06921746998508785,0.09897357514694355,-0.7881800559322747,1.3277456714816698,-1.3011071604282995,-0.49937580858847286,-0.25641440465966986,1.430539848684695
2024-06-13,-0.8352342649299801,-0.44721359549995787,-0.775531358938486,-0.7141197567290678,1.1672799888147436,-0.6674070547383406,0.39011631578482253,-0.3017012711082167,1.4974491275787791,-1.3957363085545682,-0.49937580858847286,-0.25641440465966986,1.2386395929710008
2024-06-14,-0.4859747610588436,-0.44721359549995787,0.6258683850784268,-0.40739103425666673,-0.10496078103588295,-0.5399768304558079,0.1922187277122156,-0.3240673385096716,0.9339884525528059,-1.341703168446183,-0.49937580858847286,-0.25641440465966986,0.4380943441942951
2024-06-17,-0.5912898768801226,-0.44721359549995787,-0.775531358938486,0.1260688015670005,-0.4597654113018964,-0.6418235032725086,0.6202659192706089,-0.2652281644209658,1.0048644052580935,-1.3664350375247696,-0.49937580858847286,-0.25641440465966986,0.29454923016735907
2024-06-18,-0.5659133053184336,2.2360679774997894,0.8045118725236308,-0.671816944413538,1.124413382175571,-0.35781257964931973,1.393471756995471,0.1063466366933326,0.767329935706968,-1.276333255873434,-0.49937580858847286,-0.25641440465966986,-0.540572448207867
2024-06-19,-0.4214551285339898,-0.44721359549995787,-0.775531358938486,-0.16433411074265428,-1.7901932800566904,-1.318739865606511,0.1319133014907746,-0.16943467075767035,0.48498454710205174,-1.1779167289471177,-0.49937580858847286,-0.25641440465966986,0.10120567932377635
2024-06-20,-0.5796640455655061,-0.44721359549995787,0.43038493586480014,-0.14280153805815737,1.760658564483688,-0.7393129304185411,0.14917316189728827,-0.3195565698274195,0.5945527213559101,-1.0840291023716142,-0.49937580858847286,-0.25641440465966986,0.17397760441794627
2024-06-21,-0.42349095831672384,-0.44721359549995787,-0.775531358938486,-0.41126544829919076,-1.2559741993614737,-0.8978743693071466,0.29697459433831375,-0.4313646374608515,0.24889275264277688,-0.9689405934401185,1.897254134727092,-0.25641440465966986,0.29985766880943465
2024-06-24,-1.400990907206513,-0.44721359549995787,-0.775531358938486,-1.8092137843704923,0.22033655761148213,1.3114850627341372,0.9625663685729283,0.44263203717772354,-0.051442773891232155,-0.6235759019965252,-0.49937580858847286,-0.25641440465966986,0.7597359554678471
2024-06-25,-0.9573110413720591,-0.44721359549995787,0.5746024985562227,0.6494877699110002,0.8098503936956367,-0.592253081573623,1.2711316822755998,1.0503216678042437,-0.5379710781219693,-0.456631996055937,-0.49937580858847286,-0.25641440465966986,-0.27999070537657217
2024-06-26,-1.037592151040759,-0.44721359549995787,0.4066100014485614,-0.5495030612010456,-0.44928208209099496,-0.7635564288961217,1.2199204991588595,1.1730989679501491,-0.22378637639835255,-0.25844361416423645,-0.49937580858847286,-0.25641440465966986,-0.4134105389413214
2024-06-27,0.2401693263480217,-0.44721359549995787,-0.775531358938486,0.2937023074896023,-0.2163957651381034,-0.7998976666116393,1.35185077339921,1.323658636450518,-0.5639934925568046,-0.148376746084528,-0.49937580858847286,-0.25641440465966986,-1.0258343785063295
2024-06-28,-0.5627234973831472,-0.44721359549995787,-0.775531358938486,-0.6879259409997317,0.0953897000431249,-0.4729835845044128,1.304292797365839,1.2241787754379072,-0.5639934925568046,0.01306184594344044,1.8742664345816666,-0.25641440465966986,-1.0258343785063295
2024-07-01,0.4413551686212573,-0.44721359549995787,0.06749098534173013,1.1312008674493614,0.5511363195840523,-1.109358911745002,0.9803655976806198,1.8157308801823626,0.019681049943091864,0.020991604445043638,-0.49937580858847286,-0.25641440465966986,-1.2211072540478884
2024-07-02,-0.0237709307366467,2.2360679774997894,0.1912391610358144,-0.4632490411946434,-0.17465735358101078,-0.9831718671660773,0.40463839783865396,1.3841883807083017,0.46243599976773875,-0.03444384026811209,-0.49937580858847286,-0.25641440465966986,-0.3422656785678194
2024-07-03,-0.18612704224796303,-0.44721359549995787,-0.775531358938486,-0.9500686217350492,-1.5187553323030019,-0.02967342428288665,-0.14716648678295702,1.041010589992636,-0.022857080592828045,-0.08967391911234719,-0.49937580858847286,1.8087561445474312,0.572106942362986
2024-07-04,-1.7737227472850536,-0.44721359549995787,-0.775531358938486,-1.6220908693061704,1.2747566716101872,0.7106084106262319,-0.17660539951835053,1.1470814343227578,-0.3387154000597453,-0.004389966614966047,-0.49937580858847286,-0.25641440465966986,0.9649527106414558
2024-07-05,-1.65263016105097,-0.44721359549995787,-0.775531358938486,-0.24436748246120876,-0.40580738530326016,0.8429959614456877,0.17154825362104278,1.2797266500429842,-0.8540181976369263,0.09897774691238831,-0.49937580858847286,2.7380555360357755,1.6878442089774266
2024-07-08,-1.149144113371151,-0.44721359549995787,-0.775531358938486,-0.062294153278845785,0.31044263605662525,0.863579987007314,-1.2340165533285685,0.5640173650294862,-1.7459151523798364,0.11216088141159795,-0.49937580858847286,2.759975317732746,1.5683573630181207
2024-07-09,0.171856111095784,-0.44721359549995787,0.5943889957186359,0.5817863396927424,1.1383083965993832,-0.5720766257552641,-2.1857205494652736,-0.545591402621395,-2.0480682289624674,0.11135288885810854,-0.49937580858847286,-0.25641440465966986,0.4540068926492742
2024-07-10,0.1885698089691344,-0.44721359549995787,0.7859278370432755,-0.21726107806139885,-1.4588187670355797,-0.37676287528368213,-1.1686827903565304,-0.5874658163243928,-1.716364332495062,0.022737054260304194,1.9155770124040978,-0.25641440465966986,0.6474236926227461
2024-07-11,0.05291023834031498,-0.44721359549995787,-0.775531358938486,-0.2834908587363144,0.16544439711640635,-0.36716801471331484,-0.37448834724119223,-0.7826269810980789,-1.5672532780242519,-0.017329305705753185,-0.49937580858847286,-0.25641440465966986,0.6467364340869666
2024-07-12,-0.17685241991125797,-0.44721359549995787,-0.775531358938486,0.19587878286611063,-0.3531954915871204,-0.5548245555598623,-0.07746496984959216,-0.9005813732675145,-1.5620129023851177,-0.08462726962246159,-0.49937580858847286,1.2495264583499845,0.6357427121284558
2024-07-15,2.008766837454398,-0.44721359549995787,1.8788293665375146,3.4018105574266952,1.5457500881556998,0.7376779093917173,-0.22714197708674283,-1.0787816060027962,-0.7914613962875208,-0.17282641383782513,-0.49937580858847286,-0.25641440465966986,0.35226295884285647
2024-07-16,2.2136278905927447,-0.44721359549995787,-0.775531358938486,0.017193651757602416,-1.8893047454913825,-0.11284588348253059,-0.2596619231750681,-0.9516292778730073,-1.4839110634250012,-0.1749923025070548,-0.49937580858847286,1.7201863872179832,0.25688276572448593
2024-07-17,1.7293506017616798,-0.44721359549995787,-0.775531358938486,-0.519289678795277,1.3578794657725155,-0.541920956546961,0.5322591894153728,-0.37315074181763525,-1.5662822092022959,-0.21168071106579414,-0.49937580858847286,-0.25641440465966986,0.17113818127570543
2024-07-18,-0.38474719810968705,-0.44721359549995787,-0.775531358938486,-0.14948093447813335,-0.39532484273685364,-0.7443787720052937,0.4077557845063142,-0.08796422157402956,-1.4512989625135544,-0.24874407716645802,2.134685516572635,-0.25641440465966986,0.25769499815842883
2024-07-19,0.288251179458818,-0.44721359549995787,1.7734387131975489,1.1542282826080834,-0.021121953335701965,0.6302101831273051,0.6732839575976143,-0.07375563082035955,-0.894556402290926,-0.10905715178023889,2.2022802620239994,-0.25641440465966986,-0.3498487531171296
2024-07-22,0.7989390774155577,-0.44721359549995787,0.3675300189184329,0.29569719416910134,0.44336222232378375,-0.8034066123029764,0.12968772096445694,-0.2309914800139247,-0.7074080038926832,0.10961346774304137,-0.49937580858847286,-0.25641440465966986,0.17770170522615278
2024-07-23,0.3886810503186982,-0.44721359549995787,-0.775531358938486,-0.7942597890405235,-0.9300042910848659,-0.501850008808403,-0.1845614610120395,-0.2742362145624593,-0.1838121083713842,0.20823423428039195,-0.49937580858847286,-0.25641440465966986,-0.7722099055148848
2024-07-24,-0.4936304707930716,-0.44721359549995787,-0.775531358938486,-0.32811174307273405,0.27341458168096305,-0.7006089921614836,-0.3036802574658367,-0.11448783120178213,-0.12193094145842377,0.26919137300233015,2.0385792946531294,-0.25641440465966986,-0.8753626640526766
2024-07-25,-0.6103741705080595,-0.44721359549995787,0.8829939909328743,0.0952987296369386,0.7287537591647338,-0.27778371038471134,-0.2984246247165562,-0.1526814205354142,0.3055532753673359,0.3373914322400031,-0.49937580858847286,-0.25641440465966986,-0.6054053727133893
2024-07-26,0.38104373463322505,-0.44721359549995787,0.724262268350887,0.8556135580823767,-0.8370942713585718,-0.4396437688558622,0.4196952578963549,-0.062230655921738515,0.4980878722664182,0.4632872899304114,-0.49937580858847286,-0.25641440465966986,-0.7678795432060095
2024-07-29,0.24235736908571712,-0.44721359549995787,1.3619478707861759,-0.5497685987119768,0.38950714796297536,0.2106095467224048,0.017818570776817384,-0.5212072752567792,0.4160357096234063,0.5397773204724877,-0.49937580858847286,-0.25641440465966986,-0.9141410464050331
2024-07-30,-0.0315011134996295,2.2360679774997894,0.2638638002825436,-0.3523089298512522,0.08066541536000064,-0.9091159181490169,0.5243519339883181,-0.48956185545223235,0.8032460297778359,0.5859427351736766,-0.49937580858847286,-0.25641440465966986,-0.7240783458716269
2024-07-31,-0.9894008157906409,-0.44721359549995787,-0.775531358938486,-0.7759499127114998,-0.8393953948773004,-0.48283540877812947,-1.0691172511681257,-0.9391983950502354,0.840694721635609,0.5649431425869141,1.9258433150460734,-0.25641440465966986,-0.8483694495928156
2024-08-01,-0.525519664814421,-0.44721359549995787,-0.775531358938486,0.2466701707958606,0.7817635788527597,0.18801588918340903,-1.3054385367368226,-0.9978958761190414,0.5673968204352859,0.41842890987693565,-0.49937580858847286,-0.25641440465966986,-0.883341141365816
2024-08-02,-1.4045800311096683,-0.44721359549995787,-0.775531358938486,-1.830700873889274,-0.3383649352404377,1.0087668009284683,-0.6868678178848255,-0.6636016373571318,0.35041531068931814,0.2303877814356425,1.8193109889806058,-0.25641440465966986,-0.6335696645017178
2024-08-05,-3.0119793419210112,-0.44721359549995787,-0.775531358938486,-3.5840490242063785,-0.7317386049651871,5.173076421927218,0.2525737173971191,-0.1531783911253443,-0.6354826195422612,0.42554183382742716,-0.49937580858847286,7.349127269303406,1.2030398879445996
2024-08-06,-2.631484076443416,-0.44721359549995787,-0.775531358938486,1.0114233799728665,1.1637700357276861,0.3530733008065284,0.5979172130887994,0.046287319421853455,-1.5931358937006526,0.531508259013012,-0.49937580858847286,2.216340396426274,0.6574317185570502
2024-08-07,-1.9576158539562127,-0.44721359549995787,1.5581472577782856,-0.6043987186207658,0.4042704182015871,0.4106756943958412,1.143028710941591,0.35548181010507895,-1.6072109790964846,0.6827210821381369,1.6909423378896915,-0.25641440465966986,0.6391237158671068
2024-08-08,2.349215384888066,-0.44721359549995787,-0.775531358938486,3.432201617254044,-1.4059847866993955,3.432325062066948,1.559865413089033,0.9443104493154126,-2.2878827466773703,0.5467361020113798,-0.49937580858847286,5.49541358814787,0.3574598496481242
2024-08-09,1.3642362293448218,-0.44721359549995787,-0.775531358938486,-0.4735760139713825,1.3826554543001939,-0.470604691120625,1.5132817363035256,0.8721341446271986,-2.3684864249089466,0.443100603602913,-0.49937580858847286,-0.25641440465966986,0.18267409530625622
2024-08-12,1.2274352117187195,-0.44721359549995787,-0.775531358938486,-0.8097015870738531,-1.6051452371733406,0.1555602892092305,1.373972371449719,0.8541662299031907,-2.4918461307895194,0.5101276412219028,-0.49937580858847286,2.0060102020936768,0.490423759559003
2024-08-13,-0.4548683156836377,-0.44721359549995787,1.315777052265765,0.5281203464439739,2.052093773045082,0.16352877884681777,1.139470335913429,0.7925736538044842,-2.004158812004278,0.5282383619858539,2.0104223778743573,-0.25641440465966986,0.7707615448412933
2024-08-14,-0.7576625917033516,-0.44721359549995787,1.4871220356570414,-0.9785669728608221,-0.9617807277121249,0.33825068433187544,1.3173626245410122,1.2122450220638377,-1.9108331628133188,0.6013806847023271,-0.49937580858847286,-0.25641440465966986,0.9442166644741637
2024-08-15,-0.6710692383481353,-0.44721359549995787,1.8653275891952252,-0.6644147609825717,-0.019350048935887914,0.7239100346749379,0.8644495295694921,1.2635317667909909,-1.1913110399283802,0.7060560140605978,-0.49937580858847286,-0.25641440465966986,0.9600400472685982
2024-08-16,-0.6374343512500381,-0.44721359549995787,-0.775531358938486,0.5869249459153892,-0.3664674815240484,-0.009702340168591833,-0.07446933578602251,1.3826727801382983,-1.1329405871344982,0.6863486521943725,2.0071778242266314,-0.25641440465966986,0.9807760735248008
2024-08-19,0.08065143793440789,-0.44721359549995787,-0.775531358938486,0.21053725543580945,0.07193619247230405,-0.7304780574303352,-0.3502481688994126,0.9885622182695621,-0.5013959481914488,0.5895656840371676,-0.49937580858847286,-0.25641440465966986,-1.312009043759646
2024-08-20,0.29626286476695246,-0.44721359549995787,-0.775531358938486,-0.3180563124293188,0.3280303474451081,0.02072008165688901,-0.8929536011554073,0.8929127976627818,-0.5655815581485085,0.5433590780898441,1.9762063141343307,-0.25641440465966986,-1.2702175978985661
2024-08-21,0.5315838687506784,-0.44721359549995787,1.2591131231511565,0.9768561760758865,0.33930364357149095,0.10574809877539486,-1.6547977861702394,1.013770160184083,-0.36790403350207995,0.47447617598028435,-0.49937580858847286,-0.25641440465966986,-0.8085505561907634
2024-08-22,0.1165711890354306,-0.44721359549995787,-0.775531358938486,-0.4595893688444312,-0.8139395331717285,-0.8569770939880894,0.7965931325595572,-0.5043824850521789,-0.4931783558932837,0.37944447273078735,-0.49937580858847286,-0.25641440465966986,-0.9266368309478499
2024-08-23,1.3577910840751606,-0.44721359549995787,-0.775531358938486,1.6960838471905966,-0.023096602976436818,1.0399545857278591,1.0189280221778194,-0.22740549065666704,-0.6886848027259481,0.19083214769624504,-0.49937580858847286,-0.25641440465966986,-0.6548576716896172
2024-08-26,0.3423108852036019,2.2360679774997894,0.302751498064372,-0.6324129470522748,1.279082098904844,-0.8694618091001841,1.4136592464589943,-0.1852295941663671,-0.06596836029268419,0.017982388147572116,-0.49937580858847286,-0.25641440465966986,-0.04178089181581462
2024-08-27,-0.3973663161605347,-0.44721359549995787,-0.775531358938486,-1.6389148523100057,-1.6274843739096183,1.6397675831714313,0.7133579591085722,-0.10429849501285876,-0.0642807787822391,-0.17307865887901594,1.953449381900278,-0.25641440465966986,-0.04397986127114185
2024-08-28,-1.5224126667075137,-0.44721359549995787,-0.775531358938486,-0.31599380058584553,0.4391846763955881,-0.29376999632032114,0.5523583517203653,-0.19197043346179804,-0.6101099798998746,-0.2983002402161768,-0.49937580858847286,-0.25641440465966986,0.08597871879957851
2024-08-29,-1.1124314600705945,-0.44721359549995787,0.8935965815816433,0.09273629814494082,0.85213447462341,-0.2669721604661435,0.6690938872231683,0.6510788697178231,-0.4772315300080185,-0.5170010167423057,-0.49937580858847286,-0.25641440465966986,0.18774878046333165
2024-08-30,-0.2565864589370532,-0.44721359549995787,-0.775531358938486,-0.2151315288010765,-1.0821159036804173,-0.4513997679587488,-0.8468839960132876,0.3734432610226131,-0.4450797976528446,-0.5433714337598545,-0.49937580858847286,-0.25641440465966986,0.13423400146204342
2024-09-02,-0.11878647611479863,-0.44721359549995787,-0.775531358938486,-0.08755200781142007,0.20878725055971195,-0.3523191444493804,-1.3066617903224327,0.24450995983197896,-1.3013879135936883,-0.7921747799240797,-0.49937580858847286,1.46517302324117,-0.5213471351693314
2024-09-03,-0.7185570185554702,-0.44721359549995787,-0.775531358938486,-0.90774189969039,0.6782420039645257,-0.21481614655998574,0.22440188785617682,0.32848839547182573,-1.3491496172421666,-0.8666572473271883,-0.49937580858847286,-0.25641440465966986,-0.552926617337724
2024-09-04,-0.4824692879951219,-0.44721359549995787,-0.775531358938486,0.18838293742879772,-0.5900659716729548,0.09496917813581654,0.2271971821568404,0.1447985566541419,-1.3458896566550522,-1.0589436110387285,-0.49937580858847286,-0.25641440465966986,-0.5562411691080162
2024-09-05,-1.0147244840592031,-0.44721359549995787,-0.775531358938486,-0.9886788574516366,0.3711031036972317,-0.026332087776391244,-0.5302220341025404,0.06724790210983989,-1.6456453780823252,-0.9680455280369028,-0.49937580858847286,-0.25641440465966986,-1.3839406063152984
2024-09-06,-1.2012391998690086,-0.44721359549995787,-0.775531358938486,-1.2244290560614302,-0.18578514361127257,1.4514162208059251,0.025509379495392864,-0.671137408668327,-1.5887205894729128,-0.7126336633930309,-0.49937580858847286,-0.25641440465966986,-1.333739652939051
2024-09-09,-0.4302343404159298,-0.44721359549995787,1.720448414272617,1.5639830250486388,0.21407273843767077,0.5761755343319889,1.0372059262370417,0.035201001914267165,-1.1712251908976865,-0.6727999477877126,1.9446555350124743,-0.25641440465966986,-1.565637157413575
2024-09-10,0.318263180550414,-0.44721359549995787,-0.775531358938486,0.23537136140340567,-0.47477741728429984,-0.791306904344584,0.9577576579308807,0.24857068408448946,-1.2417772990662668,-0.6751327042739574,-0.49937580858847286,-0.25641440465966986,-1.5386122301746112
2024-09-11,0.9533816589839893,-0.44721359549995787,0.9719560008110034,-0.2375856745569358,0.8410531304209069,-0.18706840857635626,0.6204722147369098,-0.09732770261218372,-0.7470784397077946,-0.6537016144026355,-0.49937580858847286,-0.25641440465966986,-0.9173252949414773
2024-09-12,0.19485392721742828,-0.44721359549995787,0.08093067203661865,0.31166367560178865,-0.33439578414386956,-1.095654351378091,0.7362299602579561,-0.063080022946154,-0.20637323828747015,-0.6640356656007921,-0.49937580858847286,-0.25641440465966986,-0.2140569197708281
2024-09-13,0.7402311982704058,-0.44721359549995787,-0.775531358938486,1.1334416021165914,-0.8383449014974551,0.1173885331784198,-1.9830985499805747,0.10945641628505887,-0.09994331241939185,-0.6442209628104116,2.11200884508238,-0.25641440465966986,-0.3678106221719415
2024-09-16,0.11443837878762277,-0.44721359549995787,0.43510289750784464,-1.221250301183271,0.9951059669143985,-0.7345019856685816,0.10035253393079138,0.35906062952238194,0.14704896441246523,-0.6404738606373853,-0.49937580858847286,-0.25641440465966986,-0.3151207530552663
2024-09-17,0.5106287693923843,2.2360679774997894,1.7524917694661375,0.9687410723090929,0.9756861000799454,0.6088504102853836,-0.3028336068502151,0.32496419256470543,1.6021394860341496,-0.627110954808281,-0.49937580858847286,-0.25641440465966986,1.9016272159067567
2024-09-18,0.16661537896107387,-0.44721359549995787,-0.775531358938486,0.5597676821491814,-3.6409811424489997,-0.29661591630216017,0.5776830728113426,0.27726095088956,0.966567265790936,-0.6093624507194313,-0.49937580858847286,1.5244909927582633,3.0047073437591734
2024-09-19,1.2789830351025486,-0.44721359549995787,-0.775531358938486,0.5221064530128656,2.432358460515156,-0.45363677118799645,0.14613962921535648,0.07859501026267038,0.27665340394485094,-0.510714783134112,-0.49937580858847286,-0.25641440465966986,3.3925167750715195
2024-09-20,0.6902075940571514,-0.44721359549995787,-0.775531358938486,0.03204161335333522,0.10086163524580243,-0.7983310546596271,0.19104946226366568,-0.4114520655582432,0.22365050884239884,-0.5715191369507331,2.126190098636362,-0.25641440465966986,3.429604553621567
2024-09-23,0.3313990172678049,-0.44721359549995787,0.5988578412917301,-0.021433507837772106,0.09566561597327866,-0.5675197067349596,-0.22599097049243258,-0.5459879731364595,0.14557374081662167,-0.5445148124967574,-0.49937580858847286,-0.25641440465966986,3.410517073337867
2024-09-24,0.23337598491695175,-0.44721359549995787,0.483133188148697,0.36035374113460017,-0.36563934067278725,-0.6855250985973835,0.3290678763186306,-0.5466561506406652,-0.9447875649740426,-0.3667237074674649,-0.49937580858847286,-0.25641440465966986,-0.11597367530008111
2024-09-25,-0.15760742179123574,-0.44721359549995787,-0.775531358938486,-0.6059346721085405,-0.44343353544299047,-0.7278411588279337,0.8090597683747912,0.08261873412229559,-0.6940499543221816,-0.28351169483628036,-0.49937580858847286,-0.25641440465966986,-0.6252414058857904
2024-09-26,0.3659049361164703,-0.44721359549995787,1.204229040811436,0.8503537576979067,0.7606300023394253,0.04978234327208546,0.75975750457114,0.17480218084148377,-0.3325995158596999,-0.10811511687284245,-0.49937580858847286,-0.25641440465966986,-1.0841758439823201
2024-09-27,0.25988099552956306,-0.44721359549995787,0.2472376640702475,0.18669016919964207,-0.46069920460133307,-0.9260697276062384,0.5025236029429582,-0.010988142896000674,-0.2737429932083158,0.06351677366484083,2.0990322537688115,-0.25641440465966986,-1.1732226861188881
2024-09-30,-0.09238827171526767,-0.44721359549995787,1.027053827216566,-1.1672906592659555,0.5999470125128769,-0.13088469647034476,-0.2839694356764989,-0.5027587882458072,-0.1463311055002096,0.09794732565727926,-0.49937580858847286,-0.25641440465966986,-0.8630843575099224
2024-10-01,-1.3060708704883297,-0.44721359549995787,-0.775531358938486,-1.2237089474703366,-0.7917042600206902,0.748378532870103,0.4082731051419368,0.08551571928633041,-0.26394608976434925,0.04341252385064406,-0.49937580858847286,-0.25641440465966986,-0.941262534923885
2024-10-02,-1.511029010972769,-0.44721359549995787,-0.775531358938486,-0.18132291822291946,-0.021273937634572786,-0.3277148690028151,0.4866917835601882,0.21670600253990113,-0.31588001147605127,0.0007719206793197732,-0.49937580858847286,-0.25641440465966986,-0.7973763987062871
2024-10-03,-0.851573749736061,-0.44721359549995787,-0.775531358938486,-0.023660642504186306,0.5529913220251924,-0.8657043784834411,0.0030458474236758964,0.7376590613384072,-0.45495418708242774,-0.12723566226774682,1.89093069593019,-0.25641440465966986,-0.7668744141730937
2024-10-04,0.20885563202507107,-0.44721359549995787,0.5605855873593362,0.5392320270061491,-0.07860543491841257,-0.6065462425688433,0.8749937233802286,0.8605516584621746,-0.39994898640274595,-0.45103622425957174,-0.49937580858847286,-0.25641440465966986,-0.7800340615966509
2024-10-07,0.31744028632768917,-0.44721359549995787,0.7463299210335541,-0.0052009423572513406,0.19793696437580466,-0.41714119976988373,1.1205344071743575,0.35604167482453947,-0.4467423484043526,-0.589813980734556,-0.49937580858847286,-0.25641440465966986,-0.9290812935250701
2024-10-08,0.25009016354197966,-0.44721359549995787,-0.775531358938486,-0.13283163870264336,-0.9511765295601333,-1.0661337334607592,0.028448792508587468,-0.019834915686504064,-0.7127052857085217,-0.7158361802554444,-0.49937580858847286,-0.25641440465966986,-0.7263229804940741
2024-10-09,-0.5611944732090033,-0.44721359549995787,-0.775531358938486,-0.8063924941108597,0.8423412914532111,-0.4422070219282606,-0.5289493950398845,-0.17044684162324783,-0.5622201185397945,-0.8736771411438939,1.9105187160875061,-0.25641440465966986,-0.9181159784325562
2024-10-10,-0.693655886603038,-0.44721359549995787,-0.775531358938486,-0.23114087546094564,-0.37471171558959127,-0.3314025373088511,-0.42436169133287105,-0.3605585846899413,-0.6780729215626987,-0.9842455817874421,-0.49937580858847286,-0.25641440465966986,-0.7787452128691348
2024-10-11,-0.05597089179305287,-0.44721359549995787,1.4453635048395246,0.9585819672465761,0.4191312157273693,0.2956691629456795,-0.9882661659496487,-0.14995206409803938,-0.6939313231759882,-1.0076474658811316,2.0179408774520144,-0.25641440465966986,-0.7880585334196334
2024-10-14,1.4289856108714531,-0.44721359549995787,1.7534008795594371,1.5856089604277874,-0.14563429733857094,0.6097774374130719,-0.5517173627013556,0.3364940195894286,-0.8626625272605964,-1.0518465627974898,-0.49937580858847286,-0.25641440465966986,-1.317975095637344
2024-10-15,1.8138805360869383,2.2360679774997894,1.1190581554063972,0.35207605965344413,0.559159350196348,-0.037067117361586535,-0.22151376326459252,-0.5427389028649798,-0.07266479818425046,-0.9406725423969449,-0.49937580858847286,-0.25641440465966986,0.1272562743723487
2024-10-16,1.2992884466562953,-0.44721359549995787,-0.775531358938486,0.16274909252975828,-1.3150529130539506,-0.9611207421424645,0.6253848708089851,-0.5707028185491168,0.08822754566300171,-0.7908782801429273,-0.49937580858847286,-0.25641440465966986,0.02907333574239005
2024-10-17,0.21357781031306955,-0.44721359549995787,-0.775531358938486,-0.17529107458097562,0.49330137535964047,-1.177930038552115,0.5737769066087612,-0.5623887704411513,0.2588689944534197,-0.6722156698689302,2.1216586518356526,-0.25641440465966986,-0.2975284778457109
2024-10-18,0.21450777036992158,-0.44721359549995787,0.3071788203200939,0.35361190793178915,0.2504175733795462,-0.8649472317521583,0.36490523278804815,-0.6476116674861493,0.3150869186597756,-0.5189957423793093,-0.49937580858847286,-0.25641440465966986,-0.36070352009393625
